fid,Survey_No,STATE,DISTRICT,TEHSIL,pH,EC,OC,n,p,k,field_id,polarization_diff_s1,ndvi_s2,bsi_s2,osavi_s2,gndvi_s2,sr1_s2,sr2_s2,ndwi_s2,mean_nir_band_s2
1,11-Jan,Gujrat,,,7.91,0.22,0.42,,10,342,284,17.30087128,0.142845871,0.205670466,0.090761965,0.322063861,1.334321586,0.720174363,-0.322063861,0.162559684
2,11-Feb,Gujrat,,,8.09,0.19,0.6,,6,328,283,21.55541403,0.145390592,0.19294516,0.093909488,0.346883135,1.3477339,0.675382638,-0.346883135,0.168674183
3,140,Gujrat,,,8.22,0.3,0.54,,6,487,310,22.1324685,0.127440004,0.20254677,0.085367374,0.328108325,1.294064525,0.671539405,-0.328108325,0.18971194
4,22,Gujrat,,,7.46,0.56,0.54,,10,475,272,18.11454732,0.151544473,0.192670435,0.09810034,0.327092736,1.3604912,0.743540899,-0.327092736,0.173923993
5,48,Gujrat,,,7.74,0.31,0.52,,14,342,301,10.77805285,0.149599983,0.188388391,0.10382148,0.299159209,1.353599375,0.747118726,-0.299159209,0.21750274
6,61,Gujrat,,,8.2,0.2,0.34,,12,333,297,11.22551766,0.181178503,0.235165713,0.108582095,0.32500505,1.4751689,0.74126202,-0.32500505,0.15567039
7,10,Gujrat,,,8.06,0.25,0.54,,10,650,441,22.76928727,0.160312815,0.180239028,0.110965423,0.315925281,1.3895317,0.731055799,-0.315925281,0.218755295
8,157,Gujrat,,,7.86,0.36,0.32,,6,318,454,24.81438657,0.127138931,0.212657556,0.08286776,0.31404047,1.29310146,0.676552762,-0.31404047,0.176678114
9,158,Gujrat,,,7.83,0.18,0.46,,14,231,459,26.10161757,0.12591273,0.199537553,0.08584256,0.311543648,1.29157635,0.666308225,-0.311543648,0.19484786
10,184,Gujrat,,,7.6,0.53,0.32,,10,342,463,19.44159395,0.168136808,0.171494308,0.120473647,0.310639676,1.417614477,0.7351967,-0.310639676,0.241312328
11,22,Gujrat,,,7.81,0.17,0.54,,6,313,427,19.96294502,0.145670803,0.174446834,0.097604712,0.320353414,1.350102625,0.701643099,-0.320353414,0.186834629
12,23,Gujrat,,,7.84,0.17,0.48,,6,450,478,14.42498875,0.139152765,0.18801126,0.092881243,0.324026775,1.32606455,0.69633422,-0.324026775,0.18534811
13,36,Gujrat,,,7.64,0.77,0.34,,14,183,425,24.28394608,0.13439346,0.19570002,0.08706208,0.31941595,1.31364285,0.696802735,-0.31941595,0.17185513
14,45,Gujrat,,,7.99,0.29,0.5,,12,222,412,18.22259149,0.162532483,0.180016411,0.113165716,0.334543251,1.395211691,0.710366207,-0.334543251,0.215686083
15,57,Gujrat,,,7.54,0.43,0.34,,14,198,513,20.02902151,0.15536317,0.194349057,0.103323822,0.311949537,1.371313422,0.727071278,-0.311949537,0.187592
16,58,Gujrat,,,7.96,0.3,0.58,,14,207,407,15.73873496,0.155209778,0.187652932,0.104879526,0.335736236,1.37863718,0.691112238,-0.335736236,0.20018429
17,7,Gujrat,,,7.76,0.42,0.4,,14,395,452,26.00289988,0.16718387,0.199698485,0.114695723,0.34582391,1.44594635,0.679961035,-0.34582391,0.20280674
18,88,Gujrat,,,7.87,0.18,0.54,,10,395,477,23.74521073,0.17694421,0.17620093,0.12344719,0.3279619,1.4911178,0.70301855,-0.3279619,0.21928929
19,10,Gujrat,,,7.33,0.25,0.54,,6,465,524,33.42777778,0.16167143,0.187560635,0.115950335,0.312812015,1.38727835,0.744138935,-0.312812015,0.24140082
20,114,Gujrat,,,7.85,0.26,0.3,,2,450,537,30.21674877,0.16879357,0.1728987,0.12558906,0.30072775,1.4103285,0.74875337,-0.30072775,0.27252418
21,187,Gujrat,,,7.77,0.63,0.52,,4,390,527,32.16774892,0.14739805,0.181896225,0.105197213,0.28434242,1.34871695,0.76476866,-0.28434242,0.23307872
22,192,Gujrat,,,7.44,0.6,0.6,,12,600,541,71.51388889,0.16591789,0.18871662,0.11271227,0.3074917,1.4000572,0.74675596,-0.3074917,0.19973888
23,196,Gujrat,,,7.63,0.45,0.58,,10,600,540,71.98888889,0.14632457,0.17762715,0.10362957,0.29194665,1.3478954,0.73753643,-0.29194665,0.2256778
24,48,Gujrat,,,8,0.52,0.4,,6,385,542,71.94040404,0.1539926,0.18884858,0.102724085,0.304782375,1.36432735,0.75169083,-0.304782375,0.18510396
25,67,Gujrat,,,8.1,0.41,0.4,,4,390,532,65.375,0.17514063,0.182123545,0.12140774,0.31713696,1.43537095,0.75140348,-0.31713696,0.21207977
26,82,Gujrat,,,7.77,0.45,0.4,,10,360,536,38.28977273,0.18933843,0.14014155,0.14222787,0.32600376,1.4899014,0.7350978,-0.32600376,0.2878648
27,128/2,Gujrat,,,7.99,0.23,0.38,,2,362,13,21.58324176,0.11465756,0.18844006,0.076557867,0.27740185,1.2625156,0.703395375,-0.27740185,0.18753002
28,272,Gujrat,,,7.68,0.59,0.42,,18,275,34,18.60412359,0.162271061,0.180365718,0.11302582,0.312739994,1.399284822,0.710179846,-0.312739994,0.213904322
29,75/1,Gujrat,,,7.86,0.31,0.6,,14,170,15,46.32617709,0.159794782,0.16775822,0.10265503,0.326433202,1.38664952,0.705345338,-0.326433202,0.17195574
30,75/2,Gujrat,,,7.86,0.31,0.6,,14,170,21,33.60789298,0.139865785,0.168300193,0.08676435,0.309424513,1.328635975,0.70891542,-0.309424513,0.151389795
31,78,Gujrat,,,8.18,0.29,0.42,,16,260,25,38.78793495,0.127555422,0.165982939,0.081786353,0.302484076,1.296243822,0.705384659,-0.302484076,0.165371251
32,101,Gujrat,,,7.75,0.15,0.58,,18,231,577,9.545454545,0.11094803,0.036605164,0.081513874,0.14840643,1.2537463,0.9694077,-0.14840643,0.26003638
33,23,Gujrat,,,7.91,0.22,0.52,,14,362,586,26.33234127,0.17788104,0.084036573,0.123195946,0.27982382,1.443310525,0.841419758,-0.27982382,0.211833218
34,33,Gujrat,,,7.83,0.19,0.58,,6,496,595,17.56373626,0.092283793,0.13628675,0.060584715,0.1924583,1.2057063,0.84843208,-0.1924583,0.169581925
35,41,Gujrat,,,7.8,0.19,0.52,,14,227,1181,15.0540873,0.101258949,0.089579441,0.071276237,0.163875508,1.240140225,0.90834375,-0.163875508,0.206011603
36,42,Gujrat,,,7.72,0.22,0.56,,12,251,590,18.47693551,0.091549556,0.08171731,0.064617332,0.144074678,1.20775558,0.940863446,-0.144074678,0.219016736
37,63,Gujrat,,,7.58,0.32,0.52,,6,516,578,12.99990775,0.127818725,0.048657213,0.084392922,0.179196335,1.298518563,0.943017925,-0.179196335,0.185728597
38,75,Gujrat,,,7.71,0.33,0.46,,12,559,572,29.11214889,0.085101992,0.073745878,0.05992984,0.1386073,1.19249534,0.940572482,-0.1386073,0.217144748
39,14,Gujrat,,,8.08,0.46,0.46,,6,145,2,16.19761905,0.137839717,0.189112953,0.094740163,0.287216563,1.320984933,0.73578708,-0.287216563,0.200043327
40,142,Gujrat,,,8.14,0.54,0.3,,6,347,8,20.28282828,0.14867978,0.16901015,0.10413621,0.28133768,1.3578132,0.7334694,-0.28133768,0.21282832
41,15,Gujrat,,,8.1,0.63,0.48,,16,428,4,18.95535714,0.12422342,0.18066946,0.085106656,0.26899558,1.2839338,0.7435225,-0.26899558,0.19604109
42,269,Gujrat,,,8.27,0.5,0.3,,10,641,6,6.732057416,0.14170113,0.20172942,0.092594564,0.2872359,1.3304217,0.74319416,-0.2872359,0.17260487
43,284,Gujrat,,,8.04,0.45,0.46,,6,231,7,11.52631579,0.14608994,0.17927964,0.10047231,0.2801797,1.3488324,0.7443867,-0.2801797,0.20167848
44,46,Gujrat,,,8.06,0.36,0.34,,6,428,9,16.66161616,0.140851655,0.185714935,0.093025323,0.276292905,1.3285164,0.7595557,-0.276292905,0.177838535
45,6,Gujrat,,,8.33,0.47,0.34,,10,549,1,24.94139194,0.17053632,0.156077,0.119919464,0.29949918,1.438293,0.73522425,-0.29949918,0.21988724
46,81,Gujrat,,,8.09,0.48,0.44,,10,255,5,18.27249874,0.13235959,0.156661075,0.091687718,0.265671085,1.3310227,0.746629085,-0.265671085,0.2023919
47,12,Gujrat,,,7.76,0.6,0.54,,8,304,77,28.76923077,0.17596275,0.1595049,0.1277349,0.31592354,1.4523754,0.72003347,-0.31592354,0.24714458
48,13,Gujrat,,,7.7,0.54,0.48,,4,265,76,20.48181818,0.16406415,0.17215481,0.11808693,0.31127426,1.4186722,0.713812,-0.31127426,0.23626909
49,14,Gujrat,,,7.3,0.63,0.42,,12,352,68,21.35714286,0.14779289,0.17926309,0.106267326,0.3002599,1.3807805,0.70555526,-0.3002599,0.23255707
50,20,Gujrat,,,7.45,0.68,0.34,,14,183,73,56.5,0.19539262,0.1831681,0.14262168,0.34816355,1.5001967,0.71004283,-0.34816355,0.25813338
51,25-Feb,Gujrat,,,7.47,0.82,0.52,,12,450,55,67.58333333,0.1488497,0.20581025,0.09732122,0.31702963,1.3518292,0.71518683,-0.31702963,0.17347915
52,25-Mar,Gujrat,,,8.16,0.21,0.34,,6,313,56,46.97727273,0.16964047,0.18411526,0.11347492,0.32399818,1.4499013,0.71037704,-0.32399818,0.18596362
53,48,Gujrat,,,7.76,0.45,0.46,,12,387,53,57.92857143,0.19250782,0.16580553,0.13434322,0.33096075,1.4987354,0.7099495,-0.33096075,0.21798572
54,49,Gujrat,,,7.52,0.65,0.46,,12,207,50,71.31862745,0.14724202,0.1624245,0.10110062,0.27951574,1.3928251,0.7256243,-0.27951574,0.1970578
55,145,Gujrat,,,7.55,0.27,0.46,,12,92,687,18.67255115,0.115696553,0.096848343,0.075917728,0.206631894,1.282231438,0.870508441,-0.206631894,0.195529331
56,303,Gujrat,,,7.8,0.68,0.42,,2,480,678,19.68150628,0.134107362,0.103181539,0.089544684,0.249411065,1.32758265,0.810969743,-0.249411065,0.179376748
57,7,Gujrat,,,7.76,0.18,0.6,,18,216,655,14.19312296,0.109964872,0.075573721,0.063802121,0.190402945,1.253728542,0.893417453,-0.190402945,0.123561902
58,270,Gujrat,,,8.3,0.16,0.52,,10,106,80,26.34164863,0.153310113,0.183834953,0.097813293,0.317715508,1.3668238,0.71047025,-0.317715508,0.167613315
59,336,Gujrat,,,8.29,0.19,0.34,,14,241,86,24.91477273,0.15968981,0.14377342,0.1175545,0.29379067,1.3948631,0.7368057,-0.29379067,0.26134196
60,398,Gujrat,,,7.93,0.19,0.34,,16,443,506,38.84415584,0.17350854,0.15026921,0.12099384,0.31693706,1.4231877,0.7370835,-0.31693706,0.21664153
61,44,Gujrat,,,7.88,0.23,0.52,,8,439,87,35.61734694,0.18026333,0.146029145,0.125008235,0.307989885,1.4742894,0.72345413,-0.307989885,0.211208615
62,70,Gujrat,,,7.79,0.49,0.52,,8,323,88,20.65106622,0.161190227,0.18631717,0.10674882,0.30074247,1.3879074,0.748789267,-0.30074247,0.18283048
63,87,Gujrat,,,8.19,0.2,0.4,,6,506,93,17.43628594,0.147158755,0.184606685,0.092317003,0.3161472,1.3515997,0.69435425,-0.3161472,0.1571624
64,131,Gujrat,,,8.56,0.28,0.52,,8,395,355,22.88035714,0.106817873,0.189857487,0.077834858,0.285840173,1.2412015,0.69754417,-0.285840173,0.24457283
65,04-Mar,Gujrat,,,8.15,0.08,0.48,,2,315,317,49.05460905,0.13255224,0.192221197,0.086741629,0.28111703,1.307864717,0.735435083,-0.28111703,0.17375559
66,40/1,Gujrat,,,7.92,0.17,0.58,,6,270,358,34.25646968,0.174687949,0.174324366,0.116817939,0.310335134,1.438528529,0.742780176,-0.310335134,0.188713626
67,83,Gujrat,,,7.42,0.14,0.34,,6,400,348,24.63371126,0.143862611,0.185187554,0.096346186,0.307134637,1.342970629,0.70441229,-0.307134637,0.190611849
68,92/2,Gujrat,,,7.96,0.31,0.46,,2,130,334,30.17183362,0.135617231,0.178412445,0.089994027,0.302692572,1.3229112,0.705834638,-0.302692572,0.183708452
69,98,Gujrat,,,7.85,0.36,0.58,,8,395,347,26.02666667,0.16475093,0.19299315,0.10913748,0.33803853,1.4139612,0.6890374,-0.33803853,0.18406269
70,117,Gujrat,,,7.87,0.46,0.54,,6,487,215,27.74701359,0.17988451,0.178645013,0.122863772,0.342383132,1.44457655,0.724646575,-0.342383132,0.213720738
71,141,Gujrat,,,8.16,0.18,0.48,,12,174,208,34.09507378,0.17691183,0.1727069,0.115068298,0.333149985,1.450292075,0.71611171,-0.333149985,0.175921005
72,144,Gujrat,,,7.86,0.26,0.4,,6,294,264,41.10555556,0.16451955,0.17819951,0.10203924,0.32705513,1.4031153,0.7171735,-0.32705513,0.15233995
73,166/1,Gujrat,,,7.96,0.41,0.52,,10,386,193,23.05267396,0.154189673,0.173505445,0.110501235,0.308109582,1.372912067,0.736826937,-0.308109582,0.235709398
74,255,Gujrat,,,8.13,0.19,0.54,,8,260,122,32.47327839,0.181606141,0.172672685,0.130524394,0.350957743,1.454922367,0.70954098,-0.350957743,0.245477905
75,262,Gujrat,,,7.92,0.15,0.58,,4,400,107,34.27367352,0.14902601,0.187826104,0.099484547,0.325980519,1.354897837,0.700015132,-0.325980519,0.193985551
76,263,Gujrat,,,7.26,0.23,0.34,,4,251,101,38.87107864,0.130849516,0.196076238,0.081900964,0.316621778,1.304108267,0.691247595,-0.316621778,0.154918748
77,264,Gujrat,,,8.18,0.18,0.42,,12,530,99,29.93343082,0.163923808,0.167626059,0.108060409,0.320133505,1.408381145,0.715516985,-0.320133505,0.1830576
78,267,Gujrat,,,7.82,0.52,0.52,,8,477,117,31.65809733,0.155903352,0.177355885,0.104058826,0.303837655,1.374358894,0.744179857,-0.303837655,0.188939917
79,268,Gujrat,,,7.72,0.38,0.34,,6,455,143,27.40766608,0.15137735,0.17937497,0.103983316,0.305024177,1.362849287,0.730505911,-0.305024177,0.208618881
80,272/1,Gujrat,,,8.46,0.22,0.54,,10,260,161,38.7954793,0.175767363,0.175676167,0.126169907,0.32358272,1.433048067,0.733015877,-0.32358272,0.23825111
81,272/2,Gujrat,,,8.2,0.16,0.48,,14,164,164,36.03903388,0.154434833,0.169880598,0.108723189,0.296103305,1.370549775,0.745664055,-0.296103305,0.219648038
82,272/3,Gujrat,,,8.13,0.19,0.38,,10,164,168,23.03849576,0.158803166,0.177996717,0.111589558,0.317357291,1.384847343,0.71914706,-0.317357291,0.222514191
83,284,Gujrat,,,8.04,0.29,0.54,,10,159,265,27.95970869,0.148527183,0.19397674,0.096635524,0.317824695,1.35307175,0.721965018,-0.317824695,0.175136225
84,299,Gujrat,,,7.88,0.46,0.58,,16,465,158,21.89093499,0.168102783,0.185443277,0.11146027,0.313437277,1.413156633,0.72885585,-0.313437277,0.184145187
85,399,Gujrat,,,8.04,0.18,0.52,,10,304,269,19.49637818,0.140566597,0.17939014,0.086374422,0.308825267,1.3296445,0.715355573,-0.308825267,0.145507873
86,411,Gujrat,,,8.46,0.11,0.52,,10,159,508,23.32289541,0.119564374,0.17690126,0.080940156,0.305684283,1.273853325,0.695544255,-0.305684283,0.187773495
87,90,Gujrat,,,8.1,0.18,0.46,,6,371,233,26.94827156,0.14936225,0.159088559,0.10882316,0.29402512,1.366843175,0.728190501,-0.29402512,0.252462624
88,110,Gujrat,,,8.03,0.24,0.48,,10,425,765,35.63109103,0.164554253,0.17828061,0.116892218,0.306538935,1.396859967,0.747299635,-0.306538935,0.228682602
89,112/1,Gujrat,,,8.04,0.26,0.54,,10,630,758,71.86800366,0.179177767,0.153380527,0.128644073,0.320919653,1.444043967,0.74480999,-0.320919653,0.24320141
90,112/2,Gujrat,,,8.04,0.26,0.54,,10,630,754,20.47045455,0.175786835,0.174165833,0.12414427,0.337107575,1.42728295,0.74185675,-0.337107575,0.227114303
91,113,Gujrat,,,7.98,0.52,0.58,,12,600,771,36.10551852,0.154545668,0.183493582,0.106107498,0.30711854,1.36623522,0.753591384,-0.30711854,0.202776468
92,174,Gujrat,,,8.03,0.24,0.48,,12,500,729,38.8305795,0.160571575,0.16022581,0.1156069,0.28526546,1.39210675,0.7626814,-0.28526546,0.236485645
93,175,Gujrat,,,7.85,0.47,0.3,,2,450,733,55.53407873,0.155401944,0.170652868,0.11060298,0.292618018,1.37207688,0.754781972,-0.292618018,0.228661272
94,190,Gujrat,,,7.63,0.52,0.44,,6,450,744,40.23762412,0.157512426,0.171618463,0.110101871,0.289831441,1.395771643,0.754654987,-0.289831441,0.213920893
95,214,Gujrat,,,8.01,0.23,0.36,,2,325,738,16.52588207,0.15276006,0.177097438,0.107883181,0.290599303,1.369651883,0.755190688,-0.290599303,0.220830192
96,80/2,Gujrat,,,7.63,0.52,0.48,,6,395,776,24.50475692,0.137420883,0.18447598,0.101767683,0.281521247,1.320135283,0.74451955,-0.281521247,0.261230682
97,1010,Gujrat,,,7.99,0.64,0.62,,10,500,824,45.33410494,0.127380515,0.167392095,0.089431625,0.259655805,1.29259885,0.77096613,-0.259655805,0.21322318
98,1042,Gujrat,,,7.42,0.37,0.6,,16,495,835,28.49166667,0.10030147,0.1736626,0.074412994,0.24209347,1.2235916,0.7524551,-0.24209347,0.2547317
99,1043,Gujrat,,,7.97,0.42,0.58,,6,700,833,37.08035714,0.114265256,0.17474805,0.08222621,0.2595362,1.2590739,0.7512622,-0.2595362,0.23160723
100,1044,Gujrat,,,7.97,0.42,0.58,,6,700,834,21.70707071,0.09779318,0.17042184,0.07303076,0.23920743,1.2170085,0.751476,-0.23920743,0.26003632
101,1139/1,Gujrat,,,7.82,0.47,0.56,,8,500,836,31.96296296,0.17938069,0.123218335,0.13423108,0.29346967,1.4702204,0.72825235,-0.29346967,0.27832225
102,1307,Gujrat,,,7.82,0.47,0.68,,18,700,826,39.29883157,0.14087741,0.178033213,0.096388683,0.28318765,1.3284248,0.76690432,-0.28318765,0.199692603
103,1312,Gujrat,,,7.86,0.82,0.3,,2,325,820,24.51298701,0.128322692,0.17867733,0.089332985,0.26912555,1.2948601,0.76392148,-0.26912555,0.207791945
104,1313,Gujrat,,,7.86,0.82,0.3,,2,325,822,23.6969697,0.119179256,0.17486729,0.085090086,0.2625658,1.2714093,0.75755715,-0.2625658,0.22490306
105,1380,Gujrat,,,7.85,0.22,0.54,,12,380,816,54.96153846,0.132555515,0.167645595,0.089416103,0.26844779,1.30671405,0.77254213,-0.26844779,0.19072691
106,1418,Gujrat,,,7.84,0.36,0.4,,4,500,815,63.5625,0.14968443,0.16943169,0.10238064,0.29514444,1.3523024,0.7619846,-0.29514444,0.19946252
107,1419,Gujrat,,,7.63,0.58,0.42,,6,800,812,35.28520833,0.137791745,0.18131909,0.0959623,0.29556608,1.32033125,0.7456111,-0.29556608,0.209849805
108,1429/1,Gujrat,,,7.89,0.45,0.48,,10,450,811,21.49166667,0.12372445,0.17846219,0.0832912,0.27533454,1.2829214,0.7551174,-0.27533454,0.18735173
109,1505,Gujrat,,,7.82,0.58,0.6,,10,305,829,51.91163793,0.1791812,0.14438958,0.12467025,0.31308818,1.508521,0.7453563,-0.31308818,0.20963842
110,1603,Gujrat,,,8.03,0.57,0.58,,4,500,802,50.65051509,0.131624584,0.177515432,0.089591957,0.2811418,1.30385828,0.755601312,-0.2811418,0.195557042
111,1611,Gujrat,,,8.12,0.23,0.46,,6,500,801,60.51428571,0.12860145,0.1745354,0.08859628,0.2698886,1.2955401,0.7554067,-0.2698886,0.20062679
112,1670,Gujrat,,,7.63,0.5,0.64,,22,760,832,48.21394336,0.13196917,0.173531795,0.089960128,0.281458825,1.30500145,0.75105222,-0.281458825,0.194317755
113,1700,Gujrat,,,7.88,0.65,0.62,,18,500,831,55.40828402,0.14144039,0.18099646,0.09489477,0.2984029,1.3303787,0.7477861,-0.2984029,0.1885834
114,1701,Gujrat,,,7.88,0.65,0.62,,18,500,830,43.29220779,0.14840418,0.15548104,0.10265385,0.2912053,1.3604469,0.74609363,-0.2912053,0.20687534
115,1706,Gujrat,,,7.89,0.58,0.52,,6,380,807,31.31288515,0.136726475,0.15889878,0.0986852,0.27531956,1.3227824,0.756591145,-0.27531956,0.23852411
116,1707,Gujrat,,,7.86,0.55,0.54,,10,380,808,21.90595238,0.149682913,0.184335923,0.103547889,0.315330307,1.352870967,0.73457755,-0.315330307,0.207207403
117,1743,Gujrat,,,7.78,0.85,0.6,,10,600,840,48.30909091,0.121266164,0.18031912,0.08914514,0.26794672,1.2767327,0.7456761,-0.26794672,0.25119457
118,1748,Gujrat,,,7.78,0.85,0.6,,10,600,839,36.55965909,0.12361436,0.17369832,0.090279154,0.2673308,1.2855958,0.7408208,-0.2673308,0.24349266
119,1749,Gujrat,,,7.85,0.26,0.38,,4,370,838,41.58333333,0.1177915,0.17753622,0.08688107,0.26327142,1.2689847,0.7424536,-0.26327142,0.25202644
120,1750,Gujrat,,,7.85,0.26,0.38,,4,370,837,34.23076923,0.11913678,0.16974285,0.08699622,0.26212865,1.2737658,0.74722767,-0.26212865,0.24348678
121,387,Gujrat,,,7.96,0.58,0.72,,10,670,795,39.91452991,0.11211355,0.178682,0.080531254,0.25911155,1.2530937,0.7388615,-0.25911155,0.22886214
122,388,Gujrat,,,7.82,0.14,0.56,,12,465,796,39.30769231,0.11378554,0.17580806,0.08185643,0.25817695,1.2574568,0.74579126,-0.25817695,0.23077606
123,389,Gujrat,,,7.4,0.58,0.6,,12,400,797,38.73148148,0.11110624,0.17520256,0.08088727,0.25353292,1.2531801,0.74342245,-0.25353292,0.23961665
124,390,Gujrat,,,8.01,0.47,0.48,,6,705,798,37.00673401,0.112530306,0.1719686,0.08268396,0.2522108,1.2626845,0.74130553,-0.2522108,0.2464842
125,393,Gujrat,,,7.28,0.26,0.36,,4,400,799,36.65740741,0.14321542,0.14399567,0.10870329,0.26486388,1.3733988,0.73422647,-0.26486388,0.2818612
126,715,Gujrat,,,8.03,0.55,0.56,,10,480,781,59.68975469,0.113475695,0.16534074,0.0812206,0.24208567,1.2572395,0.76812154,-0.24208567,0.22567219
127,737,Gujrat,,,7.88,0.6,0.64,,12,830,792,54.04567901,0.094334462,0.169772377,0.069011482,0.230069613,1.208650867,0.752908533,-0.230069613,0.238804437
128,759,Gujrat,,,8.15,0.26,0.36,,2,700,785,39.15833333,0.09569718,0.1655201,0.07061528,0.22916113,1.2123033,0.7548829,-0.22916113,0.24729496
129,760,Gujrat,,,8.03,0.55,0.56,,10,480,783,64.81959355,0.091386243,0.16652165,0.0681547,0.22353295,1.20297518,0.740739412,-0.22353295,0.259042988
130,855,Gujrat,,,7.8,0.4,0.56,,8,700,823,33.54901961,0.12568782,0.17527203,0.08737993,0.26619256,1.2876356,0.76696295,-0.26619256,0.20567578
131,10,Gujrat,,,7.7,0.16,0.4,,14,174,854,17.45929487,0.132272833,0.101466845,0.094597703,0.22752033,1.3238427,0.85842148,-0.22752033,0.22437743
132,38,Gujrat,,,7.75,0.19,0.52,,14,154,841,12.13311966,0.074255585,0.089948938,0.051626886,0.142220113,1.163370567,0.95272152,-0.142220113,0.197953643
133,9,Gujrat,,,8.01,0.44,0.58,,12,600,852,17.30164955,0.133701793,0.09145887,0.094568945,0.22551914,1.3289166,0.871159195,-0.22551914,0.216317535
134,100,Gujrat,,,7.9,0.32,0.36,,14,87,909,17.90172154,0.165369423,0.095288817,0.104264723,0.262965887,1.409924233,0.852307343,-0.262965887,0.157025567
135,127,Gujrat,,,7.55,0.68,0.54,,4,636,931,15.91430718,0.169070363,0.062644715,0.114411325,0.22124861,1.4232011,0.929657918,-0.22124861,0.207859568
136,128,Gujrat,,,7.6,0.35,0.52,,12,429,884,15.51267917,0.174721529,0.042135526,0.120567604,0.215329714,1.432725171,0.96355614,-0.215329714,0.215818236
137,225,Gujrat,,,7.48,0.55,0.56,,4,815,903,11.80166667,0.129948828,0.077869591,0.094032761,0.18875233,1.305442933,0.887448533,-0.18875233,0.24447134
138,95,Gujrat,,,7.38,0.48,0.54,,16,255,918,17.51795884,0.104440778,0.068542659,0.071075124,0.107799084,1.252383718,1.015146445,-0.107799084,0.286342134
139,130,Gujrat,,,8.04,0.22,0.52,,14,424,951,10.74777778,0.153876677,0.0711388,0.103174327,0.240480803,1.386376433,0.846581347,-0.240480803,0.184663733
140,21,Gujrat,,,7.59,0.37,0.56,,4,135,958,15.04750666,0.175630013,0.074120481,0.118482038,0.27079819,1.460140625,0.82827919,-0.27079819,0.190256928
141,27,Gujrat,,,7.75,0.11,0.34,,10,174,963,14.86270408,0.138244993,0.117039731,0.09035932,0.257109443,1.358278325,0.828607133,-0.257109443,0.16627149
142,92,Gujrat,,,7.8,0.13,0.54,,14,101,968,29.83492936,0.127398936,0.097523048,0.084964412,0.235111959,1.293092371,0.88016188,-0.235111959,0.181308817
143,98,Gujrat,,,7.64,0.32,0.52,,14,289,936,22.42306999,0.144371489,0.073345868,0.101162266,0.232452953,1.344698317,0.906281722,-0.232452953,0.215886077
144,139,Gujrat,,,7.56,0.2,0.58,,2,24,987,46.20909091,0.14935079,0.07136867,0.09279019,0.23166245,1.3528562,0.8835039,-0.23166245,0.15093996
145,32,Gujrat,,,7.94,0.17,0.64,,14,58,976,21.14464286,0.16605172,0.075442515,0.11399315,0.22346247,1.4085266,0.876597885,-0.22346247,0.20769354
146,41,Gujrat,,,8.02,0.29,0.52,,14,149,990,13.8,0.1615065,0.09456363,0.103691846,0.25750786,1.3866689,0.84466344,-0.25750786,0.16651331
147,47,Gujrat,,,8.17,0.26,0.54,,4,145,993,16.52121212,0.16620758,0.082797125,0.11290091,0.25792193,1.4299496,0.8338341,-0.25792193,0.19500725
148,63,Gujrat,,,7.9,0.23,0.48,,12,106,991,13.35333333,0.1660685,0.10540633,0.106972665,0.26377515,1.40025615,0.83704955,-0.26377515,0.16859467
149,69,Gujrat,,,7.92,0.22,0.52,,12,96,980,39.31190476,0.165797833,0.105898027,0.10776993,0.273411563,1.400502875,0.816123333,-0.273411563,0.172929898
150,37,Gujrat,,,8.29,0.18,0.48,,8,641,1016,17.21964286,0.180470013,0.120719455,0.12275197,0.286147268,1.447158475,0.79142858,-0.286147268,0.201704395
151,39,Gujrat,,,8.33,0.17,0.5,,10,627,1008,14.22619048,0.172992245,0.137118035,0.11627356,0.2819428,1.42813785,0.78786225,-0.2819428,0.19162381
152,59,Gujrat,,,7.99,0.47,0.34,,14,405,997,19.76488839,0.14919118,0.14300019,0.104335095,0.265076323,1.3677962,0.768398138,-0.265076323,0.215660023
153,82,Gujrat,,,7.94,0.34,0.42,,18,747,1022,20.63101604,0.19885631,0.094625995,0.13662066,0.29896212,1.5236418,0.7766115,-0.29896212,0.20872195
154,149,Gujrat,,,7.47,0.37,0.52,,14,145,1179,20.88888889,0.16303688,0.021984743,0.12219463,0.16871783,1.3933814,0.9964214,-0.16871783,0.27955556
155,33,Gujrat,,,8.63,0.26,0.34,,6,289,1158,28.18273116,0.073902985,0.076494581,0.055283256,0.119370483,1.164698267,0.93997777,-0.119370483,0.292578357
156,55,Gujrat,,,7.78,0.36,0.58,,16,251,1165,16.02650399,0.104900667,0.090419269,0.066895215,0.181791252,1.240706917,0.89686848,-0.181791252,0.154490638
157,145,Gujrat,,,7.16,0.17,0.42,,10,202,1144,22.95319657,0.150027048,0.121285833,0.092634313,0.247752322,1.35802564,0.880915614,-0.247752322,0.147528242
158,175,Gujrat,,,7.71,0.19,0.52,,14,154,1131,17.08023719,0.147137317,0.065554031,0.106238314,0.209974463,1.353833786,0.910960846,-0.209974463,0.251351969
159,196,Gujrat,,,7.68,0.24,0.46,,10,573,1081,20.59917582,0.135930389,0.102495068,0.088973026,0.24448031,1.32087435,0.84111164,-0.24448031,0.17147375
160,206,Gujrat,,,7.67,0.27,0.42,,12,227,1089,19.41761364,0.15546119,0.117802652,0.103250218,0.276247407,1.4085526,0.834514533,-0.276247407,0.178950563
161,209,Gujrat,,,7.75,0.12,0.46,,10,159,1114,25.43707103,0.179840782,0.080790777,0.122449862,0.266770648,1.456362117,0.869828522,-0.266770648,0.201649988
162,212,Gujrat,,,7.4,0.29,0.46,,8,169,1095,21.73135913,0.130713831,0.115905494,0.084292619,0.260912094,1.30562562,0.83360648,-0.260912094,0.163381604
163,212/1,Gujrat,,,7.89,0.16,0.44,,10,193,1100,17.97675671,0.176088713,0.099950906,0.118016463,0.276579536,1.4496136,0.836181821,-0.276579536,0.189881013
164,224,Gujrat,,,7.84,0.12,0.54,,4,111,1109,19.58930952,0.178205228,0.09926481,0.118179662,0.288724486,1.45303246,0.821879628,-0.288724486,0.186253754
165,24-Jan,Gujrat,,,7.77,0.28,0.52,,14,96,1140,23.43703704,0.128314201,0.116438865,0.085617182,0.230542623,1.2984363,0.837971733,-0.230542623,0.180356503
166,24-Feb,Gujrat,,,7.36,0.83,0.4,,6,169,1143,20.11428571,0.1807263,0.0840397,0.12692994,0.2653872,1.4758955,0.83691627,-0.2653872,0.2242057
167,91,Gujrat,,,7.8,0.31,0.52,,12,680,1153,33.90985901,0.151781036,0.055156882,0.104501024,0.198929658,1.36814588,0.942110956,-0.198929658,0.220905218
168,115,Gujrat,,,7.85,0.25,0.64,,12,450,1025,75.80185759,0.14025907,0.16838929,0.0995432,0.2850268,1.3276758,0.7538363,-0.2850268,0.22851777
169,116,Gujrat,,,7.96,0.48,0.36,,8,180,1024,59.10526316,0.15174806,0.17100234,0.10423739,0.2902023,1.3603247,0.75485754,-0.2902023,0.20411342
170,83,Gujrat,,,7.1,0.63,0.7,,16,485,1029,43.24,0.1628485,0.16458821,0.11526858,0.29976574,1.3983308,0.7484017,-0.29976574,0.2256528
171,124,Gujrat,,,8.03,0.13,0.46,,16,58,1041,16.38264379,0.136059947,0.083839341,0.086339355,0.201922615,1.328203838,0.896038755,-0.201922615,0.171944201
172,137/2,Gujrat,,,8.06,0.47,0.4,,10,380,1079,60.89402174,0.114306573,0.16462869,0.07865829,0.241716345,1.2583933,0.76561704,-0.241716345,0.197419245
173,173/2,Gujrat,,,7.8,0.58,0.56,,6,305,1074,12.26394901,0.106615348,0.172866014,0.076682863,0.245397244,1.23893984,0.75403553,-0.245397244,0.227340226
174,46,Gujrat,,,7.67,0.67,0.56,,6,318,1068,20.97744361,0.1213628,0.11077653,0.073413245,0.2236609,1.2777134,0.8687927,-0.2236609,0.13752632
175,54,Gujrat,,,7.64,0.4,0.52,,16,395,1034,17.24057239,0.148552478,0.080972327,0.087097427,0.221450924,1.35721774,0.90038678,-0.221450924,0.132649131
176,7,Gujrat,,,8.02,0.4,0.4,,4,360,1069,6.724071235,0.099193992,0.168558028,0.071445361,0.23930138,1.22036654,0.750875956,-0.23930138,0.22779781
177,75,Gujrat,,,7.19,0.23,0.3,,2,560,1078,8.18487395,0.09602026,0.15402801,0.06978565,0.22097896,1.2125047,0.7772396,-0.22097896,0.23343022
178,86,Gujrat,,,8.24,0.18,0.34,,4,145,1030,18.11666667,0.17221029,0.109568883,0.117461025,0.258521755,1.44214435,0.821473365,-0.258521755,0.19783666
179,33,Gujrat,,,7.93,0.3,0.48,,14,448,399,21.64383117,0.174204349,0.165273006,0.118902139,0.31359626,1.442602257,0.724580143,-0.31359626,0.200410196
180,61,Gujrat,,,8.18,0.63,0.48,,16,428,386,32.85091732,0.170722197,0.17149392,0.108202296,0.314764426,1.428692843,0.742147813,-0.314764426,0.163915833
181,63/3,Gujrat,,,8.18,0.41,0.58,,6,386,370,13.75694444,0.1558995,0.1673101,0.106166214,0.30296296,1.37667,0.73707366,-0.30296296,0.19848756
182,63/4,Gujrat,,,8.32,0.26,0.52,,6,554,371,12.11188811,0.18647115,0.14491214,0.12885697,0.31459123,1.5257269,0.7480593,-0.31459123,0.20605879
183,67,Gujrat,,,8.3,0.32,0.52,,16,395,373,32.04294346,0.179609936,0.171370071,0.119538151,0.32081416,1.44781868,0.73545569,-0.32081416,0.191552293
184,86,Gujrat,,,8.32,0.59,0.52,,6,395,495,21.25595238,0.16036966,0.1543132,0.121508338,0.290745975,1.39772945,0.75735555,-0.290745975,0.29317616
185,4,MAHARASHTRA,PARBHANI,JINTUR,8.04,0.11,0.32,250.88,8.34,642.88,63,12.88576389,0.123974816,0.204101791,0.078570922,0.273518181,1.285253144,0.680022752,-0.273518181,0.1645947
186,15,MAHARASHTRA,PARBHANI,JINTUR,7.77,0.13,0.37,195.69,12.73,546.56,58,11.37566138,0.129007881,0.186566661,0.085537692,0.263550218,1.3170314,0.705368352,-0.263550218,0.176007906
187,16,MAHARASHTRA,PARBHANI,JINTUR,7.94,0.2,0.26,200.7,9.45,736.96,60,16.7468254,0.129180348,0.206889998,0.079409825,0.273464244,1.302598567,0.664769283,-0.273464244,0.145602021
188,19,MAHARASHTRA,PARBHANI,JINTUR,8.02,0.17,0.3,175.62,10.56,533.12,72,12.77901786,0.115312261,0.198737503,0.072708828,0.243193745,1.263853438,0.68860446,-0.243193745,0.155742873
189,23,MAHARASHTRA,PARBHANI,JINTUR,8.06,0.16,0.29,169.34,10.98,327.6,50,8.870165945,0.099098615,0.183851334,0.067257239,0.226932619,1.2225002,0.742118789,-0.226932619,0.188737621
190,24,MAHARASHTRA,PARBHANI,JINTUR,8.01,0.2,0.33,195.69,11.95,453.15,52,16.19772276,0.110624216,0.177194666,0.073460869,0.238779318,1.255927244,0.722798144,-0.238779318,0.180336863
191,30,MAHARASHTRA,PARBHANI,JINTUR,7.41,0.13,0.32,163.07,13.07,428.96,94,7.9,0.11011168,0.164118843,0.07718798,0.234045015,1.249208425,0.726811943,-0.234045015,0.21128
192,34,MAHARASHTRA,PARBHANI,JINTUR,8.04,0.19,0.22,228.93,11.67,602.84,61,13.92797619,0.085918213,0.183268429,0.056247393,0.224035592,1.190466119,0.696313981,-0.224035592,0.168232172
193,37,MAHARASHTRA,PARBHANI,JINTUR,7.9,0.17,0.39,150.53,8.62,478.24,43,17.08809524,0.128593455,0.18151318,0.075605785,0.282573706,1.300018688,0.702796693,-0.282573706,0.128372207
194,42,MAHARASHTRA,PARBHANI,JINTUR,8.12,0.21,0.33,250.88,15.57,584.64,40,17.11390197,0.081412743,0.17379441,0.052186179,0.208848255,1.178496142,0.70342725,-0.208848255,0.158344948
195,43,MAHARASHTRA,PARBHANI,JINTUR,7.4,0.14,0.3,200.7,12.78,720.16,37,16.76738579,0.105475859,0.169118306,0.064301161,0.254143426,1.239966495,0.707548575,-0.254143426,0.141378252
196,44,MAHARASHTRA,PARBHANI,JINTUR,7.46,0.23,0.36,263.42,10.84,509.6,29,12.91771762,0.135550759,0.185914369,0.085344573,0.272976395,1.317988935,0.721033979,-0.272976395,0.159268701
197,64,MAHARASHTRA,PARBHANI,JINTUR,8.07,0.21,0.3,163.07,10.84,599.2,6,14.77947155,0.129842618,0.186882409,0.082789999,0.256480812,1.304689627,0.715135504,-0.256480812,0.164422899
198,65,MAHARASHTRA,PARBHANI,JINTUR,7.81,0.25,0.39,150.53,8.06,521.02,4,10.67142857,0.10997362,0.196909969,0.070241486,0.250146716,1.248774738,0.69922125,-0.250146716,0.160841015
199,66,MAHARASHTRA,PARBHANI,JINTUR,7.74,0.15,0.26,225.79,10.29,339.36,18,12.63689394,0.107440403,0.185446698,0.067840423,0.247109635,1.244433845,0.706017496,-0.247109635,0.159138984
200,67,MAHARASHTRA,PARBHANI,JINTUR,8.04,0.17,0.34,200.7,11.03,541.33,23,13.27173354,0.111080733,0.184005988,0.077540151,0.243078652,1.251479625,0.723933953,-0.243078652,0.207349234
201,68,MAHARASHTRA,PARBHANI,JINTUR,7.89,0.2,0.31,210.12,10.86,605.92,12,16.28782967,0.116986423,0.194272469,0.074930313,0.246017908,1.26982715,0.69460097,-0.246017908,0.162431299
202,71,MAHARASHTRA,PARBHANI,JINTUR,8,0.17,0.26,224.7,10.92,407.11,16,7.261363636,0.137806599,0.18597782,0.08499783,0.264925451,1.322858363,0.697868404,-0.264925451,0.147592619
203,75,MAHARASHTRA,PARBHANI,JINTUR,8.04,0.17,0.26,150.53,14.73,667.52,15,11.71666667,0.155349048,0.194750288,0.101469923,0.294360673,1.370799075,0.71785698,-0.294360673,0.175733303
204,78,MAHARASHTRA,PARBHANI,JINTUR,8.28,0.13,0.36,175.62,8.34,675.84,86,8.467532468,0.103488613,0.18679657,0.064580736,0.23576061,1.23190405,0.68134403,-0.23576061,0.14850066
205,82,MAHARASHTRA,PARBHANI,JINTUR,8.19,0.2,0.47,179.8,9.45,454.35,1,11.80261708,0.140647131,0.197204858,0.083871372,0.270753063,1.330046342,0.706400895,-0.270753063,0.137507461
206,111,MAHARASHTRA,PARBHANI,JINTUR,7.93,0.18,0.24,213.25,10.19,592.48,92,18.025,0.171673898,0.155859965,0.11470539,0.28376136,1.44596575,0.714780983,-0.28376136,0.188187063
207,114,MAHARASHTRA,PARBHANI,JINTUR,7.94,0.12,0.36,163.07,11.52,590.24,83,15.95833333,0.13218421,0.184672059,0.080580651,0.273789101,1.306641692,0.72442589,-0.273789101,0.145016677
208,126,MAHARASHTRA,PARBHANI,JINTUR,7.79,0.13,0.42,223.7,12.69,483.84,81,11.85714286,0.124892167,0.161389238,0.085523065,0.25163113,1.294821963,0.72517231,-0.25163113,0.196630535
209,127,MAHARASHTRA,PARBHANI,JINTUR,7.89,0.22,0.26,163.07,13.34,452.48,49,13.47115385,0.149067575,0.151765803,0.09832799,0.280191568,1.362890175,0.72373758,-0.280191568,0.18262258
210,11,MAHARASHTRA,PARBHANI,JINTUR,7.99,0.21,0.38,150.53,11.12,458.96,179,20.25,0.141952695,0.231999465,0.083416679,0.303310373,1.3387833,0.64887726,-0.303310373,0.129932485
211,37,MAHARASHTRA,PARBHANI,JINTUR,8.17,0.19,0.35,238.34,12.79,611.52,140,14.71394558,0.116109162,0.177612437,0.067947815,0.229096951,1.277837233,0.740660123,-0.229096951,0.117985651
212,54,MAHARASHTRA,PARBHANI,JINTUR,8.35,0.12,0.3,163.07,8.9,675.36,151,23.35529101,0.108576821,0.155171085,0.070868231,0.229077813,1.247988625,0.791027866,-0.229077813,0.169312361
213,60,MAHARASHTRA,PARBHANI,JINTUR,7.86,0.14,0.33,200.7,12.51,563.36,180,24.78632479,0.14310986,0.218649566,0.08171506,0.270027261,1.340777163,0.791350195,-0.270027261,0.135997368
214,65,MAHARASHTRA,PARBHANI,JINTUR,8.22,0.11,0.38,163.07,9.17,603.68,141,14.8146164,0.10767019,0.17910576,0.067251799,0.244428265,1.257551179,0.756149103,-0.244428265,0.177775356
215,67,MAHARASHTRA,PARBHANI,JINTUR,8,0.14,0.38,238.34,10.56,586.88,142,12.49591754,0.083830826,0.153789347,0.056467482,0.197662014,1.199053353,0.789697083,-0.197662014,0.166652116
216,96,MAHARASHTRA,PARBHANI,JINTUR,8,0.14,0.35,163.07,13.06,642.88,188,15.5106456,0.135665865,0.192231122,0.078097345,0.233572192,1.321468133,0.813833223,-0.233572192,0.131061649
217,99,MAHARASHTRA,PARBHANI,JINTUR,8.03,0.11,0.36,188.16,9.17,663.04,191,13.54580607,0.17295457,0.205708047,0.108097855,0.300477287,1.422684084,0.788506883,-0.300477287,0.160282556
218,105,MAHARASHTRA,PARBHANI,JINTUR,7.99,0.21,0.32,175.62,11.68,495.71,144,15.42857143,0.180997211,0.141408465,0.120218552,0.287414392,1.470752025,0.7689645,-0.287414392,0.212666655
219,108,MAHARASHTRA,PARBHANI,JINTUR,7.92,0.12,0.35,188.16,11.68,715.18,162,17.82548701,0.104458294,0.157964192,0.068235391,0.221043389,1.251299975,0.778267581,-0.221043389,0.183654485
220,109,MAHARASHTRA,PARBHANI,JINTUR,7.52,0.13,0.36,213.25,9.73,775.04,147,13.32832196,0.060334857,0.177431341,0.044605903,0.202709614,1.142992882,0.758633028,-0.202709614,0.16639241
221,126,MAHARASHTRA,PARBHANI,JINTUR,8.22,0.16,0.36,194.54,10.98,590.24,154,18.74592391,0.115586009,0.228878324,0.071896959,0.301417729,1.2678332,0.701188466,-0.301417729,0.14868983
222,167,MAHARASHTRA,PARBHANI,JINTUR,8.1,0.11,0.33,175.62,10.84,640.64,121,10.80811544,0.128752341,0.195132699,0.084999142,0.274707738,1.305426325,0.726637175,-0.274707738,0.175444165
223,168,MAHARASHTRA,PARBHANI,JINTUR,8.2,0.19,0.35,200.7,11.68,695.52,124,13.33838384,0.124522986,0.203587219,0.077371213,0.264797871,1.287436067,0.712045303,-0.264797871,0.148175241
224,246,MAHARASHTRA,PARBHANI,JINTUR,7.8,0.18,0.3,206.98,10.28,592.48,201,19.84031746,0.121459877,0.241179897,0.078119642,0.301165602,1.279189045,0.627515126,-0.301165602,0.164206398
225,258,MAHARASHTRA,PARBHANI,JINTUR,8,0.13,0.39,225.79,11.95,645.12,127,11.74305556,0.120605588,0.235140704,0.083390035,0.307142161,1.277145413,0.626357699,-0.307142161,0.202141311
226,262,MAHARASHTRA,PARBHANI,JINTUR,7.52,0.16,0.35,175.62,10.84,620.48,113,17.26756178,0.114790868,0.230284868,0.074651178,0.291185179,1.260927644,0.648962561,-0.291185179,0.169020278
227,264,MAHARASHTRA,PARBHANI,JINTUR,7.65,0.12,0.29,175.62,10.84,460.32,112,16.59375,0.11785444,0.248727053,0.077230794,0.31925063,1.268836425,0.614194288,-0.31925063,0.171518773
228,267,MAHARASHTRA,PARBHANI,JINTUR,7.73,0.16,0.37,209.06,11.67,611.89,114,12.3220299,0.140279024,0.219343727,0.087201409,0.290473181,1.329531081,0.681822507,-0.290473181,0.153047809
229,290,MAHARASHTRA,PARBHANI,JINTUR,7.76,0.18,0.32,275.97,10.29,684.32,172,15.43714286,0.087447715,0.246159607,0.060378149,0.291637322,1.192664255,0.637885192,-0.291637322,0.198988864
230,291,MAHARASHTRA,PARBHANI,JINTUR,7.89,0.11,0.39,225.79,11.95,611.52,118,20.02876984,0.104259456,0.238181874,0.071409135,0.315432414,1.23543895,0.686281916,-0.315432414,0.196859331
231,322,MAHARASHTRA,PARBHANI,JINTUR,7.89,0.18,0.3,213.25,10.01,663.04,252,15.13275463,0.104966643,0.249023892,0.071509181,0.305484987,1.236033781,0.630056779,-0.305484987,0.191619296
232,323,MAHARASHTRA,PARBHANI,JINTUR,7.66,0.13,0.37,194.44,14.18,601.26,126,11.89010989,0.124556223,0.232435023,0.082456387,0.295271418,1.28592055,0.714349473,-0.295271418,0.179770083
233,328,MAHARASHTRA,PARBHANI,JINTUR,7.52,0.17,0.3,219.52,10.42,468.55,245,22.89285714,0.097015093,0.27081145,0.06694843,0.350822238,1.215885475,0.61452651,-0.350822238,0.1979857
234,331,MAHARASHTRA,PARBHANI,JINTUR,8.16,0.14,0.39,225.79,13.07,680.96,177,16.91836735,0.081960549,0.25219281,0.058368548,0.309251818,1.179116875,0.611833625,-0.309251818,0.215423475
235,332,MAHARASHTRA,PARBHANI,JINTUR,8,0.18,0.35,250.88,12.51,712.32,170,19.85301136,0.091979414,0.207331062,0.061071221,0.244539844,1.204773428,0.70952872,-0.244539844,0.176568065
236,335,MAHARASHTRA,PARBHANI,JINTUR,8.14,0.11,0.34,163.07,11.54,545.44,215,28.27916667,0.063273996,0.160927123,0.044261334,0.193038669,1.138578663,0.760798654,-0.193038669,0.199336871
237,336,MAHARASHTRA,PARBHANI,JINTUR,8.19,0.17,0.33,188.16,11.68,762.72,167,16.57743056,0.099680216,0.193522067,0.064332842,0.243633692,1.227559788,0.714853316,-0.243633692,0.166152543
238,337,MAHARASHTRA,PARBHANI,JINTUR,8.35,0.12,0.3,163.07,8.9,675.36,132,18.85428571,0.097770753,0.187194515,0.064708164,0.249354932,1.220466105,0.725501121,-0.249354932,0.175946545
239,338,MAHARASHTRA,PARBHANI,JINTUR,7.9,0.13,0.42,150.53,14.73,593.71,131,38.99382716,0.077705136,0.146192215,0.053748688,0.200896008,1.172431425,0.77299472,-0.200896008,0.204716375
240,342,MAHARASHTRA,PARBHANI,JINTUR,7.88,0.12,0.32,200.7,13.48,539.33,136,16.65092593,0.125841947,0.212441433,0.079555636,0.302594068,1.2928261,0.664507698,-0.302594068,0.15695643
241,351,MAHARASHTRA,PARBHANI,JINTUR,7.34,0.14,0.29,200.7,8.06,506.24,130,13.48179012,0.079034608,0.188253729,0.05027721,0.230763663,1.172997194,0.725148318,-0.230763663,0.156495218
242,353,MAHARASHTRA,PARBHANI,JINTUR,7.81,0.16,0.32,175.62,13.07,499.52,134,18.16931217,0.069655594,0.185872493,0.04545941,0.224248163,1.151273858,0.724787643,-0.224248163,0.164826068
243,360,MAHARASHTRA,PARBHANI,JINTUR,8.08,0.22,0.3,200.7,10.84,733.6,139,15.63181818,0.130839471,0.206998045,0.082095295,0.286923935,1.306404588,0.705823644,-0.286923935,0.157614481
244,365,MAHARASHTRA,PARBHANI,JINTUR,8.13,0.12,0.35,213.25,10.29,521.92,178,16.22,0.137753873,0.208864085,0.087450898,0.296384878,1.3215234,0.702122328,-0.296384878,0.159451005
245,386,MAHARASHTRA,PARBHANI,JINTUR,7.97,0.13,0.35,263.42,11.95,509.6,260,11.92857143,0.109183623,0.175532035,0.07567458,0.232918853,1.253649025,0.761071875,-0.232918853,0.205610735
246,6,MAHARASHTRA,PARBHANI,JINTUR,7.58,0.11,0.36,200.7,11.12,431.2,344,13.72218975,0.12179324,0.154447841,0.08249201,0.252140398,1.28853251,0.760094259,-0.252140398,0.190265387
247,35,MAHARASHTRA,PARBHANI,JINTUR,7.65,0.18,0.36,195.69,11.62,523.69,270,18.26715368,0.091488991,0.201198403,0.059395507,0.265979049,1.209625788,0.688268267,-0.265979049,0.166191378
248,37,MAHARASHTRA,PARBHANI,JINTUR,7.8,0.17,0.3,150.53,9.73,611.52,390,31.93877551,0.046264374,0.192593998,0.032818092,0.194807488,1.099601625,0.716585538,-0.194807488,0.20746122
249,45,MAHARASHTRA,PARBHANI,JINTUR,7.46,0.21,0.38,175.62,13.62,504,272,20.99761905,0.082610639,0.188104363,0.05236316,0.273871141,1.183380288,0.719594296,-0.273871141,0.152184403
250,47,MAHARASHTRA,PARBHANI,JINTUR,7.74,0.19,0.35,275.97,9.17,500.64,287,12.57791667,0.140255589,0.151397561,0.092618758,0.259569786,1.337277363,0.749847839,-0.259569786,0.177482169
251,48,MAHARASHTRA,PARBHANI,JINTUR,7.44,0.26,0.25,244.61,10.29,425.6,289,19.51851852,0.125284738,0.148739173,0.079455381,0.26272912,1.306942575,0.728761913,-0.26272912,0.151529605
252,56,MAHARASHTRA,PARBHANI,JINTUR,7.75,0.16,0.34,219.52,9.6,589.68,274,17.91328716,0.092491661,0.162161,0.060022572,0.229577033,1.209210255,0.728779521,-0.229577033,0.16401561
253,57,MAHARASHTRA,PARBHANI,JINTUR,7.85,0.16,0.33,217.43,10.47,571.57,276,14.68064286,0.092959672,0.173897407,0.057940169,0.237749974,1.20678839,0.723689122,-0.237749974,0.146816709
254,60,MAHARASHTRA,PARBHANI,JINTUR,7.47,0.16,0.26,232.06,10.98,468.16,279,15.67430556,0.075299973,0.156543692,0.04801614,0.208701483,1.164969605,0.75555807,-0.208701483,0.154048912
255,61,MAHARASHTRA,PARBHANI,JINTUR,7.75,0.14,0.29,200.7,13.34,570.08,277,17.41671176,0.097080942,0.163631656,0.062749818,0.236150579,1.219407281,0.759644834,-0.236150579,0.161010038
256,63,MAHARASHTRA,PARBHANI,JINTUR,7.47,0.11,0.33,250.88,12.51,590.24,342,21.34206349,0.100920283,0.160518928,0.066560734,0.232501579,1.229173338,0.759820535,-0.232501579,0.174127135
257,75,MAHARASHTRA,PARBHANI,JINTUR,7.74,0.2,0.32,238.33,10.49,567.28,294,15.23078407,0.107109895,0.163732093,0.070468092,0.256764989,1.248501871,0.729542245,-0.256764989,0.172887851
258,79,MAHARASHTRA,PARBHANI,JINTUR,7.64,0.17,0.32,245.86,10.9,453.38,293,14.80830145,0.083742213,0.190316238,0.055196078,0.259478036,1.185855758,0.712338081,-0.259478036,0.172561866
259,80,MAHARASHTRA,PARBHANI,JINTUR,7.3,0.22,0.35,150.53,11.68,417.42,372,12.45833333,0.121311543,0.234392188,0.080701495,0.33126921,1.27737025,0.648997633,-0.33126921,0.17960415
260,81,MAHARASHTRA,PARBHANI,JINTUR,7.58,0.12,0.38,238.34,11.68,557.76,290,20.14081633,0.119885803,0.228214735,0.074323519,0.312994981,1.277480388,0.639534319,-0.312994981,0.146817741
261,83,MAHARASHTRA,PARBHANI,JINTUR,7.55,0.14,0.24,225.79,8.9,372.96,292,10.23285714,0.115531671,0.18729327,0.072674052,0.28887282,1.2640602,0.71240761,-0.28887282,0.151853335
262,85,MAHARASHTRA,PARBHANI,JINTUR,7.98,0.18,0.3,206.98,9.87,538.72,299,18.90191919,0.090161912,0.163639692,0.057900531,0.235650406,1.202581505,0.74348933,-0.235650406,0.161085825
263,86,MAHARASHTRA,PARBHANI,JINTUR,7.59,0.11,0.36,250.88,12.79,586.88,333,20.73295455,0.164430931,0.156653491,0.103816564,0.298661533,1.41896945,0.731164763,-0.298661533,0.157393043
264,105,MAHARASHTRA,PARBHANI,JINTUR,7.73,0.12,0.29,213.25,13.34,548.8,302,14.14814815,0.07970686,0.154682919,0.050521203,0.238485771,1.179497917,0.729957773,-0.238485771,0.150328514
265,109,MAHARASHTRA,PARBHANI,JINTUR,7.96,0.24,0.31,225.8,9.31,454.72,329,13.45839731,0.121129753,0.157139211,0.07815068,0.257859293,1.283919025,0.758832568,-0.257859293,0.164092653
266,125,MAHARASHTRA,PARBHANI,JINTUR,7.74,0.18,0.36,175.62,9.45,598.08,368,11.37142857,0.08110026,0.14481593,0.05493628,0.216354618,1.1846919,0.74644096,-0.216354618,0.184464278
267,132,MAHARASHTRA,PARBHANI,JINTUR,7.4,0.18,0.3,288.51,10.29,675.36,266,15.48148148,0.091954923,0.173110845,0.061937579,0.23844753,1.206188775,0.74125895,-0.23844753,0.181848175
268,135,MAHARASHTRA,PARBHANI,JINTUR,7.65,0.15,0.34,196.52,13.43,634.67,265,10.14555556,0.083778836,0.169083253,0.054844787,0.238209623,1.184467338,0.741916838,-0.238209623,0.17322691
269,136,MAHARASHTRA,PARBHANI,JINTUR,8.41,0.13,0.26,238.84,13.04,567.84,261,13.95900974,0.087499085,0.164285012,0.057197635,0.240617658,1.198837781,0.736778489,-0.240617658,0.168491626
270,137,MAHARASHTRA,PARBHANI,JINTUR,7.89,0.18,0.29,175.62,11.12,575.68,262,12.12570614,0.063740262,0.172692903,0.042157227,0.228637764,1.137798272,0.724783148,-0.228637764,0.170175029
271,157,MAHARASHTRA,PARBHANI,JINTUR,7.68,0.18,0.33,225.79,15.29,630.56,389,13.44,0.087373313,0.204224203,0.056763015,0.269470725,1.1925529,0.706505728,-0.269470725,0.161352
272,158,MAHARASHTRA,PARBHANI,JINTUR,7.68,0.18,0.31,179.8,10.94,440.91,354,16.57018939,0.092781689,0.241115307,0.062194521,0.29371608,1.206083395,0.641613559,-0.29371608,0.181758671
273,165,MAHARASHTRA,PARBHANI,JINTUR,7.62,0.17,0.33,150.53,11.95,431.2,379,14.48737374,0.07312094,0.263766591,0.049476326,0.302499686,1.158500275,0.606126536,-0.302499686,0.180519873
274,167,MAHARASHTRA,PARBHANI,JINTUR,7.73,0.25,0.41,188.16,9.73,473.76,360,9.797619048,0.103819941,0.213728655,0.063688876,0.26265981,1.2327586,0.661692043,-0.26265981,0.141955985
275,173,MAHARASHTRA,PARBHANI,JINTUR,7.72,0.13,0.27,213.35,11.39,476,363,26.66292517,0.103423132,0.251773758,0.064744468,0.312286059,1.234085313,0.671125095,-0.312286059,0.148971924
276,184,MAHARASHTRA,PARBHANI,JINTUR,7.6,0.18,0.24,213.25,8.75,436.8,364,6.965229678,0.086103832,0.215706382,0.058512428,0.255602485,1.189787846,0.699238672,-0.255602485,0.19274869
277,188,MAHARASHTRA,PARBHANI,JINTUR,7.68,0.17,0.37,217.43,11.3,502.51,311,19.60036323,0.101788182,0.226957756,0.061817263,0.275648854,1.228183608,0.640601518,-0.275648854,0.13931887
278,189,MAHARASHTRA,PARBHANI,JINTUR,7.54,0.25,0.33,175.62,10.15,576.24,310,17.1521164,0.116640944,0.213549567,0.070867713,0.282856191,1.267226117,0.65071485,-0.282856191,0.139533025
279,192,MAHARASHTRA,PARBHANI,JINTUR,7.68,0.19,0.29,288.51,11.68,584.64,267,14.41428571,0.100234916,0.232581319,0.064979182,0.299202594,1.2286651,0.656597676,-0.299202594,0.164630531
280,195,MAHARASHTRA,PARBHANI,JINTUR,8.24,0.28,0.39,288.51,12.23,518.56,315,18.60328798,0.120911204,0.230329853,0.078059477,0.309319711,1.280334646,0.660904959,-0.309319711,0.164617785
281,202,MAHARASHTRA,PARBHANI,JINTUR,7.7,0.19,0.34,234.75,11.74,476.96,320,20.38232323,0.103113795,0.248191101,0.066597001,0.303737381,1.233291863,0.617548163,-0.303737381,0.164788676
282,204,MAHARASHTRA,PARBHANI,JINTUR,7.62,0.25,0.35,225.79,10.29,500.64,351,21.18333333,0.122469738,0.21579431,0.074157529,0.29215598,1.280829325,0.642768358,-0.29215598,0.138222483
283,215,MAHARASHTRA,PARBHANI,JINTUR,7.58,0.22,0.36,250.88,10.28,351.68,268,13.60288207,0.109898904,0.162795865,0.070329314,0.266142203,1.263974508,0.725395647,-0.266142203,0.157798124
284,216,MAHARASHTRA,PARBHANI,JINTUR,7.47,0.19,0.41,288.51,12.4,549.92,269,15.19405594,0.097934994,0.147220374,0.063373851,0.23643465,1.229796438,0.752251678,-0.23643465,0.163068755
285,11,MAHARASHTRA,PARBHANI,JINTUR,8.2,0.17,0.41,175.62,15.29,506.24,746,22.37166478,0.144446031,0.203225318,0.093589102,0.293110976,1.356214892,0.672297376,-0.293110976,0.171136849
286,14,MAHARASHTRA,PARBHANI,JINTUR,7.78,0.17,0.38,250.88,11.95,405.44,738,12.15379089,0.149142942,0.179443169,0.101451901,0.275126623,1.362739179,0.759869284,-0.275126623,0.199220312
287,15,MAHARASHTRA,PARBHANI,JINTUR,8.16,0.27,0.39,225.79,10.29,424.48,760,25.14617212,0.140737646,0.225246185,0.088034523,0.305802321,1.341263398,0.660266073,-0.305802321,0.153582491
288,17,MAHARASHTRA,PARBHANI,JINTUR,7.93,0.2,0.32,163.07,9.17,445.76,718,23.57916667,0.134932921,0.206337254,0.085243054,0.300437804,1.333782175,0.650702988,-0.300437804,0.157004516
289,19,MAHARASHTRA,PARBHANI,JINTUR,7.34,0.19,0.23,263.42,9.17,446.88,710,22.77721861,0.116928106,0.185820152,0.07426829,0.2671017,1.27825793,0.703972958,-0.2671017,0.156931401
290,25,MAHARASHTRA,PARBHANI,JINTUR,8,0.22,0.33,188.16,10.29,479.36,709,19.43452381,0.17743027,0.199021975,0.108898798,0.31762998,1.48102725,0.688885315,-0.31762998,0.148352828
291,29,MAHARASHTRA,PARBHANI,JINTUR,7.78,0.12,0.27,163.07,10.56,575.68,720,10.69525974,0.116571133,0.232432016,0.078137571,0.283349001,1.267792695,0.67918381,-0.283349001,0.195034457
292,34,MAHARASHTRA,PARBHANI,JINTUR,7.96,0.19,0.3,225.79,8.9,760.48,726,26.42161332,0.145358846,0.21779493,0.091293486,0.325806506,1.371013005,0.665542031,-0.325806506,0.155914511
293,39,MAHARASHTRA,PARBHANI,JINTUR,7.48,0.15,0.26,200.7,12.43,538.72,725,24.375,0.170699615,0.246612448,0.093386898,0.33150599,1.419567625,0.678928553,-0.33150599,0.114384376
294,51,MAHARASHTRA,PARBHANI,JINTUR,8.25,0.17,0.3,175.62,13.62,490.56,754,21.7191358,0.105094065,0.209458758,0.064511039,0.283553053,1.2380033,0.692760242,-0.283553053,0.148994471
295,56,MAHARASHTRA,PARBHANI,JINTUR,7.78,0.13,0.42,175.62,10.29,518.56,752,28.83857143,0.176589108,0.172908141,0.105151224,0.291182484,1.4536399,0.731944785,-0.291182484,0.140884783
296,74,MAHARASHTRA,PARBHANI,JINTUR,8.01,0.19,0.35,200.7,11.12,562.24,676,16.40198793,0.116758177,0.186604811,0.071639216,0.26505739,1.272437156,0.741512736,-0.26505739,0.150031208
297,92,MAHARASHTRA,PARBHANI,JINTUR,8,0.13,0.35,238.34,14.17,492.8,632,25.10920866,0.12220416,0.166501312,0.079392738,0.254317696,1.292269407,0.737477883,-0.254317696,0.171250599
298,108,MAHARASHTRA,PARBHANI,JINTUR,8.22,0.11,0.3,238.34,9.73,646.24,534,15.0475852,0.108771278,0.192759647,0.069405311,0.275148819,1.249692482,0.678325529,-0.275148819,0.160935708
299,111,MAHARASHTRA,PARBHANI,JINTUR,8.14,0.18,0.3,188.16,10.7,590.8,463,18.18556805,0.130354431,0.175702486,0.077284174,0.278924936,1.32831949,0.669580957,-0.278924936,0.132678642
300,112,MAHARASHTRA,PARBHANI,JINTUR,7.76,0.18,0.28,200.7,11.68,551.6,459,16.79861776,0.125917822,0.184000617,0.07363133,0.283498343,1.31373275,0.666495375,-0.283498343,0.131630953
301,113,MAHARASHTRA,PARBHANI,JINTUR,8.06,0.17,0.37,185.02,11.05,527.24,458,16.32142857,0.17847434,0.120662015,0.120455015,0.28812554,1.495100675,0.688877625,-0.28812554,0.19951512
302,116,MAHARASHTRA,PARBHANI,JINTUR,8.1,0.21,0.27,150.53,13.62,405.44,450,23.71234568,0.127024602,0.209980758,0.072457269,0.277463633,1.294587967,0.672189033,-0.277463633,0.120755307
303,119,MAHARASHTRA,PARBHANI,JINTUR,7.39,0.12,0.32,200.7,12.78,630.56,432,17.83472222,0.140452767,0.187412549,0.080712739,0.276211949,1.340232392,0.710277869,-0.276211949,0.128034078
304,122,MAHARASHTRA,PARBHANI,JINTUR,8.1,0.21,0.27,150.53,13.62,405.44,468,12.76949601,0.120912253,0.184860099,0.074130109,0.257014706,1.287179155,0.716599686,-0.257014706,0.154358627
305,130,MAHARASHTRA,PARBHANI,JINTUR,7.9,0.17,0.29,213.25,12.04,619.41,406,17.58706237,0.141154971,0.192650005,0.085481077,0.273461747,1.341913698,0.72749625,-0.273461747,0.141627363
306,142,MAHARASHTRA,PARBHANI,JINTUR,7.86,0.13,0.32,213.25,10.56,571.2,484,16.54910852,0.145242768,0.238124199,0.086069861,0.313334784,1.346773384,0.675778281,-0.313334784,0.138435348
307,148,MAHARASHTRA,PARBHANI,JINTUR,8.07,0.22,0.38,181.89,10.84,508.54,420,19.95921799,0.139754227,0.215413762,0.089210603,0.299810928,1.332385734,0.678857469,-0.299810928,0.166794374
308,153,MAHARASHTRA,PARBHANI,JINTUR,8.12,0.12,0.29,163.07,12.23,450.24,502,19.00201503,0.129720413,0.233660495,0.080812511,0.301155779,1.305114663,0.674496867,-0.301155779,0.160365933
309,154,MAHARASHTRA,PARBHANI,JINTUR,8.22,0.13,0.29,175.62,10.56,495.04,492,20.27817697,0.144049811,0.228877452,0.086360232,0.319866998,1.347782858,0.638018348,-0.319866998,0.142995172
310,166,MAHARASHTRA,PARBHANI,JINTUR,8.06,0.11,0.3,150.53,11.95,684.32,520,21.34182056,0.103780091,0.168960799,0.066307638,0.237169992,1.239274545,0.735127493,-0.237169992,0.161987037
311,169,MAHARASHTRA,PARBHANI,JINTUR,7.8,0.2,0.39,188.16,8.9,584.64,644,20.10927913,0.110170775,0.196892487,0.069878642,0.265971188,1.257438888,0.717420057,-0.265971188,0.160103081
312,177,MAHARASHTRA,PARBHANI,JINTUR,8.21,0.17,0.3,200.7,14.17,654.08,583,18.82916667,0.100167519,0.186587433,0.066760769,0.254099108,1.228711075,0.72391773,-0.254099108,0.179805794
313,186,MAHARASHTRA,PARBHANI,JINTUR,7.71,0.22,0.3,250.88,11.95,729.12,575,16.575,0.156476665,0.176665676,0.098882652,0.286529555,1.395672525,0.70738094,-0.286529555,0.163110624
314,188,MAHARASHTRA,PARBHANI,JINTUR,7.87,0.22,0.33,242.51,10.75,475.63,554,27.02781385,0.117016272,0.19903726,0.074483075,0.27572517,1.272122755,0.685203797,-0.27572517,0.167294702
315,189,MAHARASHTRA,PARBHANI,JINTUR,7.52,0.11,0.41,213.25,9.17,467.04,578,13.75161616,0.111426015,0.187139168,0.072162857,0.256540917,1.258731705,0.719501536,-0.256540917,0.167512279
316,192,MAHARASHTRA,PARBHANI,JINTUR,7.88,0.21,0.32,194.44,10.56,679.28,589,20.18434343,0.108906641,0.197228336,0.072196193,0.255526178,1.251558607,0.71884642,-0.255526178,0.186985912
317,201,MAHARASHTRA,PARBHANI,JINTUR,7.52,0.11,0.39,188.16,8.9,430.08,608,22.46677749,0.113993273,0.209928997,0.070550908,0.276243371,1.267784286,0.673942523,-0.276243371,0.156238562
318,205,MAHARASHTRA,PARBHANI,JINTUR,7.93,0.22,0.33,200.7,12.23,430.08,631,11.85714286,0.123340015,0.242444368,0.08365693,0.311524885,1.2827402,0.680353575,-0.311524885,0.192177155
319,213,MAHARASHTRA,PARBHANI,JINTUR,7.28,0.13,0.45,213.25,13.06,448,772,22.42857143,0.136870505,0.205346853,0.099535196,0.296853668,1.320277,0.7199027,-0.296853668,0.245474998
320,215,MAHARASHTRA,PARBHANI,JINTUR,7.83,0.2,0.35,250.88,12.78,462.56,700,34.92236842,0.121010598,0.192826473,0.072982811,0.254066395,1.28171,0.731443113,-0.254066395,0.145733123
321,217,MAHARASHTRA,PARBHANI,JINTUR,7.84,0.2,0.24,175.62,12.51,612.64,703,23.84894781,0.128260561,0.179133274,0.080015028,0.265411017,1.313485529,0.715259418,-0.265411017,0.156208451
322,219,MAHARASHTRA,PARBHANI,JINTUR,7.82,0.13,0.44,175.62,13.06,374.08,731,22.34203143,0.14234538,0.155929903,0.096927891,0.282030252,1.358777908,0.712119468,-0.282030252,0.197748042
323,225,MAHARASHTRA,PARBHANI,JINTUR,7.45,0.17,0.47,150.53,12.23,417.76,696,13.18030303,0.073576174,0.164021135,0.049529934,0.208816224,1.160436125,0.74969837,-0.208816224,0.177843569
324,234,MAHARASHTRA,PARBHANI,JINTUR,8.01,0.19,0.38,200.7,12.1,651.84,668,20.96954617,0.090529533,0.218319264,0.056990768,0.276287894,1.207448736,0.641751771,-0.276287894,0.15643878
325,9,MAHARASHTRA,PARBHANI,JINTUR,7.39,0.18,0.36,213.25,11.12,432.06,882,19.16666667,0.151464645,0.173940613,0.094282588,0.28434524,1.397836125,0.713966233,-0.28434524,0.151831965
326,18,MAHARASHTRA,PARBHANI,JINTUR,7.34,0.2,0.35,200.7,11.12,501.76,827,15.18927837,0.128953771,0.178134717,0.083638917,0.272508509,1.309298842,0.693455867,-0.272508509,0.166920648
327,31,MAHARASHTRA,PARBHANI,JINTUR,7.73,0.13,0.42,200.7,10.84,736.96,920,17.58571429,0.111427757,0.174490966,0.073584783,0.260986228,1.254645338,0.722537793,-0.260986228,0.1761478
328,32,MAHARASHTRA,PARBHANI,JINTUR,7.61,0.15,0.32,213.25,10.29,425.6,824,17.76190476,0.064961406,0.152972215,0.045562788,0.206267383,1.141845125,0.755817515,-0.206267383,0.205472245
329,34,MAHARASHTRA,PARBHANI,JINTUR,8.13,0.17,0.35,188.16,14.46,444.64,820,19.02380952,0.095866528,0.1642348,0.064270388,0.23532964,1.223524025,0.73990635,-0.23532964,0.195130343
330,43,MAHARASHTRA,PARBHANI,JINTUR,7.8,0.21,0.3,225.79,12.79,667.52,822,17.79947391,0.131891482,0.171688888,0.087167632,0.275056838,1.319985694,0.722178788,-0.275056838,0.175782064
331,45,MAHARASHTRA,PARBHANI,JINTUR,8.07,0.11,0.27,213.25,13.07,470.4,825,28.88888889,0.11459327,0.15930413,0.075865953,0.259760125,1.26526915,0.729742395,-0.259760125,0.17578797
332,49,MAHARASHTRA,PARBHANI,JINTUR,7.36,0.19,0.33,163.07,10.29,460.32,830,19.01046703,0.105030277,0.195668494,0.064934317,0.25236832,1.24014324,0.687579368,-0.25236832,0.147871902
333,56,MAHARASHTRA,PARBHANI,JINTUR,8.29,0.15,0.23,238.34,10.01,558.8,910,14.50952381,0.103733462,0.204775144,0.070945464,0.25860159,1.232482388,0.675293531,-0.25860159,0.192256013
334,65,MAHARASHTRA,PARBHANI,JINTUR,7.8,0.2,0.39,175.62,12.23,603.68,847,17.45622896,0.115313074,0.19213954,0.074323393,0.264512363,1.268801496,0.693542215,-0.264512363,0.166119949
335,67,MAHARASHTRA,PARBHANI,JINTUR,7.74,0.13,0.32,219.48,12.92,506.24,852,20.04074074,0.120956347,0.195986978,0.077009115,0.266384779,1.279600158,0.682332916,-0.266384779,0.159574352
336,68,MAHARASHTRA,PARBHANI,JINTUR,7.74,0.12,0.35,188.16,11.12,396.48,855,17.52777778,0.108694926,0.193636435,0.071626141,0.245971374,1.257534388,0.68241955,-0.245971374,0.17205912
337,70,MAHARASHTRA,PARBHANI,JINTUR,7.58,0.2,0.38,175.62,12.79,628.32,857,13.10400641,0.139587137,0.193983311,0.089618127,0.274203896,1.32940975,0.72991049,-0.274203896,0.165570398
338,76,MAHARASHTRA,PARBHANI,JINTUR,7.84,0.12,0.36,175.62,12.79,565.6,834,11.26,0.120019873,0.194481555,0.075433353,0.271612183,1.279748538,0.695282255,-0.271612183,0.153917003
339,78,MAHARASHTRA,PARBHANI,JINTUR,7.19,0.18,0.45,163.07,11.12,628.32,835,15.94962988,0.111128024,0.196034212,0.071111734,0.261652529,1.261383302,0.694925709,-0.261652529,0.153965644
340,106,MAHARASHTRA,PARBHANI,JINTUR,7.84,0.2,0.33,213.25,10.79,453.6,871,14.7216278,0.109080382,0.176527562,0.072339199,0.23735697,1.251953618,0.712076364,-0.23735697,0.177450428
341,118,MAHARASHTRA,PARBHANI,JINTUR,7.34,0.3,0.41,163.07,13.07,548.8,870,45.38888889,0.089292845,0.17117176,0.058052729,0.215871023,1.200496525,0.696919705,-0.215871023,0.164694455
342,121,MAHARASHTRA,PARBHANI,JINTUR,7.55,0.18,0.36,188.16,12.23,483.84,860,16.75566378,0.104853806,0.172906834,0.066548826,0.237820013,1.240233532,0.705223893,-0.237820013,0.156676409
343,134,MAHARASHTRA,PARBHANI,JINTUR,7.68,0.14,0.36,194.43,12.3,486.36,894,15.23054989,0.100894219,0.156991765,0.066453815,0.2314504,1.244444275,0.719720747,-0.2314504,0.176862063
344,145,MAHARASHTRA,PARBHANI,JINTUR,7.75,0.21,0.3,213.25,11.12,500.64,899,16.14444444,0.107148217,0.1627886,0.068926312,0.242196235,1.2428304,0.746282,-0.242196235,0.164787785
345,146,MAHARASHTRA,PARBHANI,JINTUR,7.65,0.22,0.33,200.7,13.62,641.76,898,11.1875,0.143231134,0.158338146,0.09222706,0.270910755,1.340780275,0.75072263,-0.270910755,0.166525003
346,156,MAHARASHTRA,PARBHANI,JINTUR,7.85,0.18,0.32,156.8,10.98,496.16,892,14.22619048,0.11745048,0.146007113,0.083529173,0.243445863,1.2973186,0.714193009,-0.243445863,0.22625269
347,166,MAHARASHTRA,PARBHANI,JINTUR,7.55,0.18,0.42,163.07,10.01,451.36,883,21.69631708,0.1305607,0.177146948,0.081936671,0.273537071,1.309691744,0.71005628,-0.273537071,0.152624012
348,168,MAHARASHTRA,PARBHANI,JINTUR,7.68,0.14,0.18,263.42,13.34,308.72,891,23,0.055633205,0.16102056,0.036124806,0.18171243,1.1188919,0.717458863,-0.18171243,0.158121418
349,169,MAHARASHTRA,PARBHANI,JINTUR,8.3,0.22,0.32,200.7,11.12,552.16,889,16.7702381,0.061526368,0.152291043,0.042011019,0.192724759,1.13227485,0.737511018,-0.192724759,0.186170244
350,182,MAHARASHTRA,PARBHANI,JINTUR,7.34,0.11,0.45,188.16,14.45,557.76,925,13.41666667,0.13100857,0.176945703,0.089327606,0.273078953,1.30480765,0.731491103,-0.273078953,0.19428752
351,184,MAHARASHTRA,PARBHANI,JINTUR,7.59,0.22,0.32,150.53,14.46,546.56,795,11.52368421,0.132753976,0.168900474,0.089462289,0.277350628,1.320262388,0.720459136,-0.277350628,0.189350881
352,185,MAHARASHTRA,PARBHANI,JINTUR,7.76,0.2,0.34,200.7,11.82,556.18,778,15.01177287,0.117208464,0.192011804,0.074673994,0.263639386,1.275189547,0.716257256,-0.263639386,0.159772448
353,187,MAHARASHTRA,PARBHANI,JINTUR,7.84,0.16,0.38,163.07,10.57,319.28,810,16.54166667,0.119660396,0.19312226,0.070443855,0.259058835,1.277000875,0.710901058,-0.259058835,0.130675015
354,188,MAHARASHTRA,PARBHANI,JINTUR,7.81,0.17,0.48,225.79,11.39,549.92,811,21.525,0.109932169,0.207840469,0.068483553,0.263503161,1.251023613,0.695361839,-0.263503161,0.152886265
355,189,MAHARASHTRA,PARBHANI,JINTUR,8.2,0.25,0.29,163.07,14.73,417.76,812,23.08418367,0.128028444,0.184808193,0.077687813,0.268674293,1.305674488,0.711998153,-0.268674293,0.142112279
356,192,MAHARASHTRA,PARBHANI,JINTUR,7.6,0.16,0.47,175.62,9.17,442.4,814,25.12,0.069297085,0.207284895,0.048115369,0.21637543,1.1495008,0.72341718,-0.21637543,0.194494003
357,199,MAHARASHTRA,PARBHANI,JINTUR,7.84,0.2,0.26,250.88,8.06,417.76,816,12.22916667,0.10922557,0.194761338,0.070491813,0.260705815,1.24595825,0.722970875,-0.260705815,0.161501023
358,205,MAHARASHTRA,PARBHANI,JINTUR,7.57,0.25,0.29,213.25,12.23,581.28,817,20.64246032,0.106261211,0.17953187,0.071370142,0.260453704,1.246749083,0.719698949,-0.260453704,0.195015388
359,221,MAHARASHTRA,PARBHANI,JINTUR,7.73,0.27,0.26,137.98,10.56,500.64,902,16.51190476,0.062903602,0.167715932,0.041794305,0.203624067,1.136271131,0.719083842,-0.203624067,0.171828661
360,1,MAHARASHTRA,PARBHANI,JINTUR,7.49,0.13,0.21,175.62,8.9,753.76,992,45.72878788,0.127327021,0.180838345,0.082388208,0.26173383,1.294182188,0.72638435,-0.26173383,0.173299141
361,2,MAHARASHTRA,PARBHANI,JINTUR,7.43,0.13,0.35,275.97,8.06,559.1,1025,34.23184524,0.145517654,0.177657453,0.088550992,0.283762245,1.343011813,0.728603538,-0.283762245,0.14334494
362,7,MAHARASHTRA,PARBHANI,JINTUR,7.3,0.1,0.35,163.07,12.51,679.84,1040,42.82968192,0.131163322,0.169192768,0.084859796,0.268213313,1.31022264,0.70884425,-0.268213313,0.168982333
363,10,MAHARASHTRA,PARBHANI,JINTUR,7.91,0.2,0.44,200.7,10.84,628.76,1016,34.76237892,0.125102942,0.163742757,0.081015053,0.260633152,1.290267638,0.724562782,-0.260633152,0.168234738
364,11,MAHARASHTRA,PARBHANI,JINTUR,7.51,0.12,0.31,188.16,11.4,558.99,1065,45.69326599,0.105785921,0.161115191,0.066230617,0.259250216,1.240017125,0.700827361,-0.259250216,0.149116578
365,13,MAHARASHTRA,PARBHANI,JINTUR,7.86,0.12,0.38,181.89,9.87,487.76,1054,38.76509192,0.11178034,0.170678375,0.072352834,0.254978054,1.254756167,0.704150402,-0.254978054,0.170115282
366,15,MAHARASHTRA,PARBHANI,JINTUR,8.18,0.2,0.2,238.34,9.45,516.32,1003,37.61904762,0.08868536,0.135728264,0.057158965,0.231003483,1.20278365,0.70023372,-0.231003483,0.163081528
367,16,MAHARASHTRA,PARBHANI,JINTUR,7.98,0.14,0.32,232.06,11.4,489.1,1007,48.3656994,0.1051571,0.14889725,0.060839062,0.255041576,1.237962438,0.694686671,-0.255041576,0.12463625
368,17,MAHARASHTRA,PARBHANI,JINTUR,7.79,0.13,0.37,196.53,13.81,647.96,1009,40.86053241,0.107364135,0.144025904,0.064901498,0.259363478,1.248227229,0.706513795,-0.259363478,0.135979313
369,18,MAHARASHTRA,PARBHANI,JINTUR,8,0.15,0.35,263.42,8.89,514.64,1072,39.10914116,0.071069975,0.151637735,0.044626594,0.225003207,1.155981044,0.720228389,-0.225003207,0.149867069
370,19,MAHARASHTRA,PARBHANI,JINTUR,7.92,0.13,0.32,219.52,12.37,712.36,1067,38.35972222,0.109170605,0.155937962,0.065392128,0.262003208,1.257303695,0.700484228,-0.262003208,0.132678287
371,20,MAHARASHTRA,PARBHANI,JINTUR,7.81,0.15,0.38,175.62,11.34,577.14,1034,40.02314815,0.092839919,0.163699843,0.057387464,0.245333673,1.207023233,0.687109396,-0.245333673,0.142201159
372,21,MAHARASHTRA,PARBHANI,JINTUR,7.84,0.2,0.24,175.62,9.17,578.14,1033,47.40909091,0.073374759,0.159142445,0.04556816,0.224500403,1.159177,0.706731075,-0.224500403,0.143909308
373,24,MAHARASHTRA,PARBHANI,JINTUR,7.84,0.16,0.34,208.54,10.56,645.17,995,40.2618212,0.122101404,0.169357379,0.075011599,0.269189143,1.283176828,0.706502313,-0.269189143,0.146684518
374,25,MAHARASHTRA,PARBHANI,JINTUR,7.84,0.11,0.32,225.79,11.68,610.96,994,38.38888889,0.10692246,0.154212433,0.072014685,0.245902695,1.24134075,0.71710654,-0.245902695,0.185499078
375,27,MAHARASHTRA,PARBHANI,JINTUR,7.42,0.18,0.29,150.53,11.95,543.42,1030,39.66302083,0.139139101,0.159712526,0.085583923,0.275090244,1.330490213,0.726313675,-0.275090244,0.154168169
376,28,MAHARASHTRA,PARBHANI,JINTUR,7.62,0.18,0.29,196.52,10.4,538.05,1084,36.15330688,0.133755148,0.165613444,0.088114364,0.273663921,1.314396396,0.728654527,-0.273663921,0.179545428
377,29,MAHARASHTRA,PARBHANI,JINTUR,7.84,0.16,0.34,229.98,11.03,661.66,1000,42.453367,0.160559184,0.154405942,0.095837602,0.289964836,1.398362845,0.722179771,-0.289964836,0.136927913
378,30,MAHARASHTRA,PARBHANI,JINTUR,7.89,0.19,0.31,217.43,11.31,646.57,1076,31.99996142,0.130240944,0.160266734,0.08172265,0.269607044,1.304599934,0.730532028,-0.269607044,0.158173775
379,31,MAHARASHTRA,PARBHANI,JINTUR,8.01,0.18,0.42,163.07,11.95,525.9,1140,23.9,0.14095494,0.16798754,0.087576075,0.282059595,1.330965775,0.727921345,-0.282059595,0.15253831
380,32,MAHARASHTRA,PARBHANI,JINTUR,7.91,0.13,0.4,225.79,12.05,640.93,1090,36.02425947,0.097025786,0.164730732,0.062373584,0.247062656,1.220005375,0.716153152,-0.247062656,0.163280699
381,33,MAHARASHTRA,PARBHANI,JINTUR,8.06,0.15,0.36,213.25,11.26,526.56,1097,33.45298487,0.093729122,0.151365397,0.061667226,0.239726359,1.226666998,0.7126171,-0.239726359,0.171373513
382,45,MAHARASHTRA,PARBHANI,JINTUR,7.84,0.13,0.24,225.79,9.17,574.78,964,36.40333333,0.091196454,0.163728515,0.062780885,0.236433969,1.200987925,0.735997415,-0.236433969,0.194252999
383,48,MAHARASHTRA,PARBHANI,JINTUR,7.66,0.21,0.33,219.52,12.85,664.34,987,28.95231481,0.140546922,0.163263827,0.088347742,0.274281947,1.33401602,0.718502593,-0.274281947,0.165455399
384,49,MAHARASHTRA,PARBHANI,JINTUR,7.56,0.12,0.42,206.98,10.98,564.14,965,29.44722222,0.139668786,0.165559585,0.088704977,0.265816113,1.3295646,0.708667968,-0.265816113,0.161363033
385,51,MAHARASHTRA,PARBHANI,JINTUR,7.6,0.18,0.38,182.33,9.04,620.59,952,28.93279528,0.106230053,0.169161014,0.069595223,0.255371231,1.241361538,0.727668911,-0.255371231,0.170663081
386,53,MAHARASHTRA,PARBHANI,JINTUR,7.89,0.1,0.2,213.25,12.78,654.08,928,20.490625,0.081679281,0.165827489,0.056820156,0.2158606,1.180965663,0.746553751,-0.2158606,0.194746761
387,54,MAHARASHTRA,PARBHANI,JINTUR,8.14,0.15,0.33,213.25,11.82,568.31,933,28.02896117,0.077731459,0.168335253,0.05106931,0.218733841,1.170667788,0.719839599,-0.218733841,0.172014938
388,56,MAHARASHTRA,PARBHANI,JINTUR,8.06,0.23,0.28,209.07,10.75,569.17,941,31.88483251,0.094610897,0.155428145,0.062446501,0.225384665,1.212789979,0.72345608,-0.225384665,0.176938519
389,57,MAHARASHTRA,PARBHANI,JINTUR,7.88,0.18,0.27,163.07,10.84,455.84,949,28.62611416,0.126005715,0.159000794,0.081457813,0.257618103,1.295720706,0.71203328,-0.257618103,0.16831069
390,58,MAHARASHTRA,PARBHANI,JINTUR,7.62,0.18,0.31,206.98,12.3,570.08,1123,30.06887179,0.145412175,0.164855458,0.094779945,0.274416421,1.343990709,0.72501548,-0.274416421,0.176382379
391,61,MAHARASHTRA,PARBHANI,JINTUR,7.8,0.18,0.33,244.6,10.01,556.8,975,35.10689103,0.143592528,0.160917103,0.094062841,0.276097629,1.35604815,0.714825864,-0.276097629,0.174144767
392,65,MAHARASHTRA,PARBHANI,JINTUR,8.07,0.19,0.28,196.82,11.4,473.05,981,41.51102092,0.154785512,0.140338246,0.098169767,0.276971781,1.3821079,0.734582304,-0.276971781,0.162990153
393,66,MAHARASHTRA,PARBHANI,JINTUR,7.94,0.19,0.36,150.53,10.84,516.09,948,28.16666667,0.137618458,0.15626536,0.087153845,0.262567338,1.3208069,0.75853366,-0.262567338,0.15817289
394,67,MAHARASHTRA,PARBHANI,JINTUR,8.11,0.11,0.39,238.34,10.29,503.36,974,39.78571429,0.136692495,0.155739898,0.088021365,0.260660338,1.3226663,0.74527695,-0.260660338,0.16563096
395,70,MAHARASHTRA,PARBHANI,JINTUR,7.81,0.25,0.39,150.53,8.06,521.02,1144,49.30555556,0.15125968,0.159080433,0.092097928,0.283982215,1.36811565,0.733785825,-0.283982215,0.14264029
396,71,MAHARASHTRA,PARBHANI,JINTUR,7.73,0.16,0.36,194.43,11.95,642.88,1038,42.30555556,0.119768272,0.147944678,0.072107456,0.245294258,1.27288615,0.736096775,-0.245294258,0.136399306
397,1,MAHARASHTRA,PARBHANI,JINTUR,7.44,0.18,0.32,217.43,9.64,709.16,1195,11.86711756,0.123929877,0.169415066,0.084892103,0.251567599,1.289339092,0.755419077,-0.251567599,0.201847007
398,14,MAHARASHTRA,PARBHANI,JINTUR,7.92,0.27,0.35,275.97,12.23,478.8,1268,13.88571429,0.11005653,0.19145093,0.070486988,0.24799728,1.25653875,0.694419055,-0.24799728,0.164728905
399,17,MAHARASHTRA,PARBHANI,JINTUR,7.66,0.12,0.36,150.52,14.45,574.84,1175,16.69553571,0.083639439,0.184144549,0.057965853,0.223105929,1.184342744,0.715354138,-0.223105929,0.197275348
400,19,MAHARASHTRA,PARBHANI,JINTUR,7.69,0.18,0.36,200.7,8.34,602.44,1172,19.5722449,0.077020383,0.184580369,0.053646983,0.223268918,1.168252938,0.703289213,-0.223268918,0.198424249
401,20,MAHARASHTRA,PARBHANI,JINTUR,7.55,0.14,0.34,234.15,10.1,563.28,1229,18.0997619,0.126808274,0.177051726,0.083533185,0.255807595,1.298852567,0.726272638,-0.255807595,0.177196946
402,21,MAHARASHTRA,PARBHANI,JINTUR,7.39,0.2,0.27,137.98,11.95,570.3,1228,14.76666667,0.12836843,0.175030023,0.08400743,0.261094448,1.29792545,0.743853495,-0.261094448,0.17327917
403,23,MAHARASHTRA,PARBHANI,JINTUR,7.55,0.13,0.36,263.42,10.56,711.64,1248,15.10528274,0.085074895,0.188043368,0.055228038,0.225995822,1.188183506,0.717338548,-0.225995822,0.167901835
404,24,MAHARASHTRA,PARBHANI,JINTUR,7.81,0.21,0.35,200.7,8.9,498.84,1243,12.26571429,0.09417069,0.179852691,0.064118808,0.235739147,1.21316573,0.734742421,-0.235739147,0.191896586
405,25,MAHARASHTRA,PARBHANI,JINTUR,7.78,0.13,0.35,200.7,7.78,482.49,1238,10.75207407,0.115776354,0.183225987,0.076902236,0.259068621,1.26732011,0.726714726,-0.259068621,0.179055166
406,31,MAHARASHTRA,PARBHANI,JINTUR,8.16,0.16,0.32,245.17,12.1,582.42,1234,11.10185185,0.10117309,0.169449814,0.067933334,0.23771119,1.236785829,0.734913521,-0.23771119,0.187666207
407,33,MAHARASHTRA,PARBHANI,JINTUR,7.52,0.14,0.33,213.25,13.62,520.8,1258,14.00396825,0.099002371,0.18753508,0.065470418,0.245420398,1.221800125,0.720083643,-0.245420398,0.173487106
408,35,MAHARASHTRA,PARBHANI,JINTUR,7.84,0.11,0.29,238.34,12.79,507.94,1223,16.75833333,0.104230989,0.176682231,0.068393073,0.245515871,1.235214638,0.726450625,-0.245515871,0.172022489
409,39,MAHARASHTRA,PARBHANI,JINTUR,8.3,0.11,0.26,188.16,10.01,520.8,1233,6.583333333,0.100695253,0.184571383,0.067045638,0.238710374,1.225242988,0.750620531,-0.238710374,0.181452168
410,40,MAHARASHTRA,PARBHANI,JINTUR,7.69,0.17,0.38,275.97,11.12,654.3,1260,17.22285714,0.100030236,0.176174079,0.070302029,0.24457268,1.229529338,0.714259796,-0.24457268,0.212105715
411,44,MAHARASHTRA,PARBHANI,JINTUR,7.84,0.11,0.39,213.25,10.84,597.18,1232,13.69230769,0.109510763,0.174258995,0.073274718,0.242225725,1.251072925,0.738587975,-0.242225725,0.184749063
412,48,MAHARASHTRA,PARBHANI,JINTUR,7.98,0.15,0.36,206.98,12.38,559.88,1209,12.33958791,0.113501458,0.187931108,0.078236864,0.263652772,1.26230961,0.719869219,-0.263652772,0.204112691
413,49,MAHARASHTRA,PARBHANI,JINTUR,7.64,0.15,0.36,173.53,12,599.4,1183,10.28023781,0.117497731,0.232870612,0.081575888,0.317943226,1.269033054,0.659746015,-0.317943226,0.205498659
414,50,MAHARASHTRA,PARBHANI,JINTUR,7.85,0.17,0.36,210.98,10.34,563.25,1179,12.15,0.102300203,0.167292738,0.067715151,0.2374169,1.233240995,0.740162387,-0.2374169,0.184540156
415,55,MAHARASHTRA,PARBHANI,JINTUR,7.62,0.15,0.43,213.25,10.84,578.64,1177,11.41705671,0.110435223,0.249647523,0.078666674,0.328836722,1.252967267,0.624216539,-0.328836722,0.222769253
416,57,MAHARASHTRA,PARBHANI,JINTUR,8.07,0.18,0.3,225.79,13.62,640.19,1176,13.05454545,0.128662566,0.2633238,0.08884703,0.354320293,1.310011925,0.597865525,-0.354320293,0.202855483
417,64,MAHARASHTRA,PARBHANI,JINTUR,7.92,0.16,0.32,250.88,15.57,546,1265,5.233333333,0.107011128,0.230144175,0.075370378,0.268268733,1.241030475,0.706725073,-0.268268733,0.212401673
418,67,MAHARASHTRA,PARBHANI,JINTUR,7.69,0.19,0.41,225.79,13.62,515.87,1171,13,0.088290699,0.174367635,0.058718621,0.234259305,1.194739825,0.742184063,-0.234259305,0.172455375
419,73,MAHARASHTRA,PARBHANI,JINTUR,7.48,0.16,0.27,150.53,10.56,616.11,1158,9.481818182,0.086313405,0.143098578,0.060488377,0.205089443,1.196039425,0.75760983,-0.205089443,0.20985043
420,75,MAHARASHTRA,PARBHANI,JINTUR,8,0.11,0.42,213.25,10.29,586.23,1169,13.96805556,0.116116636,0.148461524,0.079725955,0.243813185,1.269545375,0.759970239,-0.243813185,0.201848553
421,82,MAHARASHTRA,PARBHANI,JINTUR,8.35,0.15,0.21,150.53,8.9,751.52,1166,13.13461538,0.120222429,0.166219283,0.077627645,0.250963845,1.276626875,0.756834238,-0.250963845,0.16572644
422,83,MAHARASHTRA,PARBHANI,JINTUR,7.48,0.21,0.36,263.42,11.39,654.08,1167,8.376041667,0.135634664,0.171783974,0.089677255,0.265606071,1.322148288,0.749873264,-0.265606071,0.179153758
423,88,MAHARASHTRA,PARBHANI,JINTUR,8.03,0.17,0.36,250.88,12.79,601.21,1159,12.76690837,0.113718091,0.177302723,0.075911731,0.252716509,1.261109739,0.749305287,-0.252716509,0.18253682
424,3,MAHARASHTRA,PARBHANI,JINTUR,7.9,0.19,0.35,238.34,9.17,728,1345,16.38373016,0.08948539,0.226100852,0.063159433,0.274968023,1.200703308,0.681328014,-0.274968023,0.213317062
425,27,MAHARASHTRA,PARBHANI,JINTUR,7.9,0.2,0.35,225.79,11.95,395.24,1348,12.36679233,0.084749251,0.203496408,0.05867727,0.237217019,1.186657363,0.738937866,-0.237217019,0.196883428
426,73,MAHARASHTRA,PARBHANI,JINTUR,7.46,0.23,0.36,263.42,10.84,509.6,1347,10.60833333,0.12090613,0.14892883,0.081693435,0.222518373,1.295849225,0.797779305,-0.222518373,0.182001678
427,74,MAHARASHTRA,PARBHANI,JINTUR,7.92,0.11,0.27,200.7,11.68,571.2,1367,19.5,0.099944308,0.150776853,0.065337485,0.201711642,1.24195735,0.7792403,-0.201711642,0.147388873
428,107,MAHARASHTRA,PARBHANI,JINTUR,7.7,0.16,0.3,263.42,8.9,507.36,1311,10.60504775,0.1351527,0.202421944,0.08813469,0.282437902,1.31980689,0.740022335,-0.282437902,0.175899212
429,108,MAHARASHTRA,PARBHANI,JINTUR,7.89,0.2,0.33,221.61,10.29,339.36,1331,11.26055943,0.129755045,0.185890714,0.087336107,0.268865333,1.307995386,0.732917049,-0.268865333,0.191995848
430,130,MAHARASHTRA,PARBHANI,JINTUR,7.98,0.2,0.42,120.52,8.62,433.44,1308,10.47794118,0.113689043,0.205467668,0.075128255,0.261196498,1.2583858,0.748403835,-0.261196498,0.178107335
431,134,MAHARASHTRA,PARBHANI,JINTUR,8.04,0.18,0.24,200.7,10.01,337.12,1295,18.0475248,0.127823063,0.215988359,0.085743749,0.297015757,1.300674968,0.698757039,-0.297015757,0.187543791
432,141,MAHARASHTRA,PARBHANI,JINTUR,7.88,0.2,0.23,250.88,8.9,309.84,1362,13.26464286,0.125968747,0.22095105,0.085200707,0.298706972,1.294298785,0.691121593,-0.298706972,0.193086025
433,143,MAHARASHTRA,PARBHANI,JINTUR,7.92,0.11,0.36,232.06,8.34,595.84,1294,16.83928571,0.117092263,0.26604085,0.079687838,0.330533073,1.27012835,0.607814523,-0.330533073,0.18980091
434,196,MAHARASHTRA,PARBHANI,JINTUR,7.78,0.16,0.27,213.25,11.12,666.4,1291,21.09022556,0.102591505,0.26994372,0.069226871,0.318990635,1.229486475,0.61715747,-0.318990635,0.183458638
435,201,MAHARASHTRA,PARBHANI,JINTUR,7.99,0.16,0.38,225.79,13.34,408.2,1283,16.84414683,0.106609563,0.246079448,0.071356155,0.303783271,1.241526888,0.642083934,-0.303783271,0.181770381
436,1,MAHARASHTRA,PARBHANI,JINTUR,8.03,0.15,0.41,175.62,13.62,600.66,1394,15.76904762,0.087869541,0.165704573,0.057374706,0.213294753,1.217964646,0.707267533,-0.213294753,0.167011679
437,2,MAHARASHTRA,PARBHANI,JINTUR,7.72,0.31,0.32,163.07,8.34,742.56,1390,22.37449546,0.115940891,0.166555097,0.074292071,0.242657739,1.270643917,0.716803328,-0.242657739,0.171345503
438,4,MAHARASHTRA,PARBHANI,JINTUR,7.68,0.23,0.42,150.53,12.79,511.84,1402,12.71375283,0.12889212,0.166332223,0.07911925,0.253642425,1.300297833,0.714997203,-0.253642425,0.146578147
439,10,MAHARASHTRA,PARBHANI,JINTUR,7.89,0.31,0.42,225.79,10.84,524.16,1411,18.21104604,0.140143713,0.167934534,0.084720823,0.271528383,1.335459475,0.716566449,-0.271528383,0.141109704
440,13,MAHARASHTRA,PARBHANI,JINTUR,7.92,0.14,0.34,238.34,11.26,529.84,1462,12.91493056,0.118391855,0.172655046,0.072203147,0.246595008,1.271400775,0.729021606,-0.246595008,0.14256614
441,21,MAHARASHTRA,PARBHANI,JINTUR,8.02,0.14,0.33,150.53,11.68,506.24,1487,21.23636364,0.16920926,0.157354345,0.10352237,0.284651083,1.43891945,0.709030735,-0.284651083,0.145070005
442,23,MAHARASHTRA,PARBHANI,JINTUR,7.61,0.12,0.35,150.53,11.68,511.84,1473,16.25518188,0.144375205,0.16166079,0.086911161,0.261566758,1.342787147,0.749172774,-0.261566758,0.138852455
443,25,MAHARASHTRA,PARBHANI,JINTUR,8.16,0.15,0.3,200.7,13.47,575,1480,21.40437109,0.156714126,0.169472777,0.088802407,0.281233396,1.377056596,0.755171421,-0.281233396,0.121552798
444,26,MAHARASHTRA,PARBHANI,JINTUR,8.19,0.11,0.32,188.16,12.23,685.44,1483,23.88452381,0.137561369,0.173081937,0.086463934,0.267360662,1.328879731,0.723489916,-0.267360662,0.15329918
445,28,MAHARASHTRA,PARBHANI,JINTUR,7.98,0.29,0.45,175.62,11.68,724.64,1479,19.92734296,0.145120948,0.165789481,0.081947218,0.267469367,1.342106842,0.752005861,-0.267469367,0.119861624
446,29,MAHARASHTRA,PARBHANI,JINTUR,7.67,0.16,0.42,200.7,13.06,501.76,1477,26.07194444,0.157074059,0.15487013,0.093987939,0.272051075,1.388820675,0.726720339,-0.272051075,0.137446871
447,36,MAHARASHTRA,PARBHANI,JINTUR,8.02,0.23,0.26,238.34,13.34,586.99,1470,27.06796737,0.135449463,0.167673938,0.079309923,0.254306107,1.318441325,0.718820017,-0.254306107,0.128696751
448,38,MAHARASHTRA,PARBHANI,JINTUR,7.94,0.18,0.42,150.53,10.29,553.28,1465,20.25563187,0.133536417,0.169617892,0.078948913,0.252341746,1.31985724,0.708612347,-0.252341746,0.13213335
449,42,MAHARASHTRA,PARBHANI,JINTUR,7.85,0.12,0.29,269.7,11.26,505.12,1459,14.32337037,0.118230929,0.167451123,0.070906355,0.253033743,1.274607035,0.704495478,-0.253033743,0.134979786
450,44,MAHARASHTRA,PARBHANI,JINTUR,8.2,0.12,0.33,213.25,11.95,535.36,1424,20.33798701,0.075307839,0.175074115,0.047579011,0.213614294,1.164550675,0.711658121,-0.213614294,0.148368656
451,56,MAHARASHTRA,PARBHANI,JINTUR,7.89,0.21,0.36,200.7,9.72,602.89,1604,19.46011111,0.076596029,0.168123432,0.051095005,0.207801962,1.168692595,0.715755353,-0.207801962,0.173335239
452,61,MAHARASHTRA,PARBHANI,JINTUR,7.83,0.15,0.23,225.79,15.29,555.68,1606,20.3452381,0.061385666,0.166486729,0.041412326,0.184999511,1.13466065,0.712080766,-0.184999511,0.176490979
453,68,MAHARASHTRA,PARBHANI,JINTUR,8.03,0.17,0.36,200.7,11.68,537.6,1425,21.78811553,0.083615688,0.177462349,0.052721076,0.221490632,1.189774075,0.68704563,-0.221490632,0.14751155
454,72,MAHARASHTRA,PARBHANI,JINTUR,7.79,0.11,0.33,188.16,14.18,476,1428,28.10385463,0.136093608,0.166299604,0.085626515,0.263170677,1.322076066,0.707291125,-0.263170677,0.156073267
455,76,MAHARASHTRA,PARBHANI,JINTUR,7.89,0.12,0.32,250.88,7.78,552.16,1441,33.59775162,0.153940923,0.158571864,0.095359354,0.266296945,1.378365287,0.704662463,-0.266296945,0.149440594
456,85,MAHARASHTRA,PARBHANI,JINTUR,7.67,0.22,0.39,238.34,13.34,618.24,1453,31.01561247,0.095358285,0.176150565,0.059034949,0.229148848,1.217001775,0.702498875,-0.229148848,0.15811031
457,91,MAHARASHTRA,PARBHANI,JINTUR,7.93,0.16,0.33,211.45,11.44,575.43,1434,28.42382766,0.11528675,0.170373979,0.074714836,0.251722483,1.273621203,0.715875917,-0.251722483,0.170029742
458,97,MAHARASHTRA,PARBHANI,JINTUR,8.2,0.2,0.38,188.16,8.34,459.2,1618,23.04959456,0.069124762,0.174654159,0.047553658,0.216393081,1.152753567,0.69300578,-0.216393081,0.188853297
459,102,MAHARASHTRA,PARBHANI,JINTUR,7.88,0.16,0.35,200.7,12.23,490.92,1615,21.78148148,0.075838124,0.173505295,0.049882806,0.219212748,1.169775908,0.708802024,-0.219212748,0.168613254
460,124,MAHARASHTRA,PARBHANI,JINTUR,7.68,0.16,0.35,213.25,13.34,456.96,1634,9.823295455,0.155196926,0.157066241,0.095861739,0.28927648,1.3859827,0.678463064,-0.28927648,0.151775436
461,126,MAHARASHTRA,PARBHANI,JINTUR,8.17,0.13,0.32,250.88,10.56,674.24,1635,12.89044613,0.105243076,0.169466198,0.066620312,0.246262908,1.239270363,0.702890071,-0.246262908,0.158479733
462,142,MAHARASHTRA,PARBHANI,JINTUR,8,0.19,0.29,200.7,8.06,758.24,1575,18.54008941,0.082264543,0.182337065,0.052963757,0.22605164,1.18149315,0.68996324,-0.22605164,0.159717282
463,145,MAHARASHTRA,PARBHANI,JINTUR,7.9,0.21,0.42,150.53,13.07,528.64,1558,15.00488381,0.110733471,0.167058126,0.071604613,0.239988733,1.256954851,0.712668042,-0.239988733,0.164166135
464,149,MAHARASHTRA,PARBHANI,JINTUR,7.7,0.17,0.36,204.89,11.4,527.89,1557,14.58531926,0.146919421,0.151951253,0.095478849,0.263743151,1.376378242,0.713907558,-0.263743151,0.170181025
465,150,MAHARASHTRA,PARBHANI,JINTUR,7.78,0.16,0.3,219.52,8.06,566.49,1538,15.29880156,0.115112935,0.164464486,0.072579902,0.245553654,1.268154462,0.721398806,-0.245553654,0.155255646
466,154,MAHARASHTRA,PARBHANI,JINTUR,7.96,0.14,0.32,194.44,12.92,659.44,1555,16.95050505,0.125712746,0.181495471,0.075947219,0.263840318,1.288823213,0.716979278,-0.263840318,0.139332477
467,156,MAHARASHTRA,PARBHANI,JINTUR,8.02,0.16,0.29,194.43,12.24,578.26,1551,11.68576389,0.115125981,0.162287273,0.07052623,0.247421898,1.264916675,0.725761783,-0.247421898,0.141704186
468,160,MAHARASHTRA,PARBHANI,JINTUR,7.94,0.17,0.36,175.62,10.98,572.32,1516,15.11873971,0.116496849,0.177059543,0.071981845,0.248786282,1.266838983,0.722428928,-0.248786282,0.150799659
469,161,MAHARASHTRA,PARBHANI,JINTUR,7.97,0.18,0.3,263.42,10.7,535.69,1525,16.89555231,0.125842278,0.177583784,0.07746526,0.260133023,1.293441813,0.719566064,-0.260133023,0.151729641
470,165,MAHARASHTRA,PARBHANI,JINTUR,8.21,0.2,0.24,200.7,10.01,696.64,1535,14.13888889,0.11512302,0.162914291,0.069446728,0.249080405,1.263705292,0.732369997,-0.249080405,0.136322109
471,180,MAHARASHTRA,PARBHANI,JINTUR,7.91,0.15,0.3,250.88,11.12,652.5,1512,14.77175641,0.113206277,0.173358349,0.071886392,0.249241997,1.260706881,0.723463483,-0.249241997,0.159276788
472,186,MAHARASHTRA,PARBHANI,JINTUR,7.95,0.13,0.32,175.62,9.17,637.05,1597,13.64953704,0.106850403,0.168570833,0.064302228,0.230693226,1.240766463,0.703543809,-0.230693226,0.134727648
473,195,MAHARASHTRA,PARBHANI,JINTUR,8.22,0.15,0.34,175.61,11.02,548.91,1378,12.29904103,0.130701754,0.178321185,0.078548568,0.25524521,1.304082625,0.742936973,-0.25524521,0.138023498
474,197,MAHARASHTRA,PARBHANI,JINTUR,7.78,0.12,0.33,250.88,8.9,686.56,1505,14.60504202,0.143094475,0.1898311,0.077027098,0.268904815,1.33478775,0.751226225,-0.268904815,0.107853793
475,204,MAHARASHTRA,PARBHANI,JINTUR,7.9,0.18,0.33,213.25,10.1,574.78,1501,12.13191957,0.140062338,0.169502448,0.088265887,0.271252647,1.332028529,0.72479898,-0.271252647,0.158521109
476,219,MAHARASHTRA,PARBHANI,JINTUR,8.05,0.2,0.21,226,10.29,506.24,1387,14.59442409,0.148772884,0.1712246,0.083689626,0.283549627,1.359773933,0.751922395,-0.283549627,0.118956589
477,230,MAHARASHTRA,PARBHANI,JINTUR,8.21,0.27,0.36,263.42,11.39,725.31,1388,17.39277778,0.125545609,0.167684624,0.076304373,0.263526971,1.292907613,0.727256894,-0.263526971,0.14101801
478,247,MAHARASHTRA,PARBHANI,JINTUR,7.75,0.13,0.33,188.16,10.56,607.04,1494,11.76503803,0.112208336,0.16002652,0.070652121,0.244950885,1.258222738,0.720812279,-0.244950885,0.152400627
479,254,MAHARASHTRA,PARBHANI,JINTUR,7.76,0.17,0.3,178.75,11.47,580.78,1375,10.86811966,0.11322002,0.169101999,0.070769317,0.235906939,1.25689417,0.729952959,-0.235906939,0.150505863
480,281,MAHARASHTRA,PARBHANI,JINTUR,8.19,0.11,0.32,238.34,8.94,567.16,1601,25.2255291,0.081361367,0.161026116,0.056262268,0.200255589,1.186079283,0.72691794,-0.200255589,0.191942138
